EntryTime	Position	EntryPrice	ExitPrice	Profit	ExitTime
2017-04-01 00:50:00+00:00	BUY	0.0205	0.02122776	7.277599999999975	2017-04-01 01:10:00+00:00
2017-04-01 03:00:00+00:00	BUY	0.02	0.019994	-0.059999999999990616	2017-04-01 03:50:00+00:00
2017-04-02 03:05:00+00:00	BUY	0.02501091	0.0263996	13.88689999999998	2017-04-02 03:35:00+00:00
2017-04-02 03:15:00+00:00	BUY	0.025671	0.0263996	7.285999999999994	2017-04-02 03:35:00+00:00
2017-04-02 07:15:00+00:00	BUY	0.03678804	0.04178999	50.01949999999999	2017-04-02 07:40:00+00:00
2017-04-02 08:20:00+00:00	BUY	0.03865741	0.03989997	12.425599999999967	2017-04-02 08:30:00+00:00
2017-04-02 08:45:00+00:00	BUY	0.03722	0.0392	19.799999999999958	2017-04-02 09:25:00+00:00
2017-04-02 09:00:00+00:00	BUY	0.0350682	0.0392	41.31799999999998	2017-04-02 09:25:00+00:00
2017-04-02 09:05:00+00:00	BUY	0.03732038	0.0392	18.796199999999985	2017-04-02 09:25:00+00:00
2017-04-02 13:15:00+00:00	BUY	0.048	0.05957118	115.71180000000001	2017-04-02 13:50:00+00:00
2017-04-02 13:20:00+00:00	BUY	0.04799999	0.05957118	115.71190000000003	2017-04-02 13:50:00+00:00
2017-04-02 14:50:00+00:00	BUY	0.0457	0.0520002	63.00200000000006	2017-04-02 15:00:00+00:00
2017-04-02 15:25:00+00:00	BUY	0.0498	0.04821273	-15.872699999999949	2017-04-02 15:35:00+00:00
2017-04-02 19:15:00+00:00	BUY	0.0601561	0.06329	31.339000000000016	2017-04-02 19:45:00+00:00
2017-04-02 19:20:00+00:00	BUY	0.05818291	0.06329	51.070900000000016	2017-04-02 19:45:00+00:00
2017-04-02 20:00:00+00:00	BUY	0.0598	0.06089997	10.999699999999986	2017-04-02 20:20:00+00:00
2017-04-02 20:30:00+00:00	BUY	0.054	0.05799996	39.99960000000004	2017-04-02 21:05:00+00:00
2017-04-02 20:45:00+00:00	BUY	0.055	0.05799996	29.999600000000026	2017-04-02 21:05:00+00:00
2017-04-02 23:15:00+00:00	BUY	0.0389	0.04400004	51.0004	2017-04-02 23:45:00+00:00
2017-04-02 23:20:00+00:00	BUY	0.04205375	0.04400004	19.462899999999962	2017-04-02 23:45:00+00:00
2017-04-03 01:45:00+00:00	BUY	0.049005	0.05030002	12.95020000000001	2017-04-03 02:00:00+00:00
2017-04-03 01:50:00+00:00	BUY	0.04974468	0.05030002	5.553400000000014	2017-04-03 02:00:00+00:00
2017-04-03 02:45:00+00:00	BUY	0.04760001	0.04700002	-5.999899999999947	2017-04-03 03:30:00+00:00
2017-04-03 02:50:00+00:00	BUY	0.04778999	0.04700002	-7.89969999999994	2017-04-03 03:30:00+00:00
2017-04-03 04:15:00+00:00	BUY	0.04141999	0.04200004	5.8005000000000555	2017-04-03 04:55:00+00:00
2017-04-03 05:30:00+00:00	BUY	0.0434	0.0457	22.999999999999964	2017-04-03 06:10:00+00:00
2017-04-03 05:35:00+00:00	BUY	0.04220001	0.0457	34.99989999999995	2017-04-03 06:10:00+00:00
2017-04-03 07:30:00+00:00	BUY	0.04359799	0.044	4.020099999999943	2017-04-03 07:45:00+00:00
2017-04-03 07:35:00+00:00	BUY	0.0427	0.044	12.999999999999956	2017-04-03 07:45:00+00:00
2017-04-03 12:00:00+00:00	BUY	0.04379998	0.04246283	-13.371500000000022	2017-04-03 12:45:00+00:00
2017-04-03 13:10:00+00:00	BUY	0.0397	0.04038439	6.8439	2017-04-03 13:20:00+00:00
2017-04-03 13:50:00+00:00	BUY	0.03238192	0.03463504	22.531199999999973	2017-04-03 15:30:00+00:00
2017-04-03 14:15:00+00:00	BUY	0.03300004	0.03463504	16.349999999999977	2017-04-03 15:30:00+00:00
2017-04-03 15:05:00+00:00	BUY	0.03366311	0.03463504	9.719299999999958	2017-04-03 15:30:00+00:00
2017-04-03 16:35:00+00:00	BUY	0.028	0.032983	49.82999999999998	2017-04-03 16:50:00+00:00
2017-04-03 18:00:00+00:00	BUY	0.03151014	0.03340029	18.901500000000002	2017-04-03 18:35:00+00:00
2017-04-03 18:05:00+00:00	BUY	0.03068995	0.03340029	27.10339999999999	2017-04-03 18:35:00+00:00
2017-04-03 18:15:00+00:00	BUY	0.03110008	0.03340029	23.002100000000002	2017-04-03 18:35:00+00:00
2017-04-03 19:15:00+00:00	BUY	0.0324	0.03305003	6.500300000000029	2017-04-03 19:35:00+00:00
2017-04-03 21:15:00+00:00	BUY	0.0302	0.03250058	23.005799999999997	2017-04-03 22:10:00+00:00
2017-04-03 21:20:00+00:00	BUY	0.03000001	0.03250058	25.005700000000008	2017-04-03 22:10:00+00:00
2017-04-04 00:45:00+00:00	BUY	0.03400224	0.03566707	16.648299999999992	2017-04-04 01:20:00+00:00
2017-04-04 01:00:00+00:00	BUY	0.03461605	0.03566707	10.510199999999998	2017-04-04 01:20:00+00:00
2017-04-04 06:15:00+00:00	BUY	0.03550015	0.03674368	12.435299999999996	2017-04-04 06:35:00+00:00
2017-04-04 10:30:00+00:00	BUY	0.0336	0.03370062	1.0062000000000264	2017-04-04 10:45:00+00:00
2017-04-04 12:35:00+00:00	BUY	0.03380304	0.03660005	27.970100000000027	2017-04-04 15:25:00+00:00
2017-04-04 12:50:00+00:00	BUY	0.0338049	0.03660005	27.951500000000028	2017-04-04 15:25:00+00:00
2017-04-04 13:00:00+00:00	BUY	0.03470142	0.03660005	18.986300000000053	2017-04-04 15:25:00+00:00
2017-04-04 13:05:00+00:00	BUY	0.03449782	0.03660005	21.022300000000037	2017-04-04 15:25:00+00:00
2017-04-04 13:30:00+00:00	BUY	0.03475122	0.03660005	18.488300000000027	2017-04-04 15:25:00+00:00
2017-04-04 13:35:00+00:00	BUY	0.03499998	0.03660005	16.00070000000002	2017-04-04 15:25:00+00:00
2017-04-04 18:20:00+00:00	BUY	0.03778764	0.03854601	7.583700000000013	2017-04-04 19:15:00+00:00
2017-04-04 19:30:00+00:00	BUY	0.03767092	0.03981384	21.429200000000066	2017-04-04 20:30:00+00:00
2017-04-05 00:30:00+00:00	BUY	0.03874241	0.03922678	4.843700000000048	2017-04-05 00:50:00+00:00
2017-04-05 06:50:00+00:00	BUY	0.03656564	0.03709987	5.342299999999966	2017-04-05 07:00:00+00:00
2017-04-05 13:50:00+00:00	BUY	0.03630045	0.03634974	0.49290000000000445	2017-04-05 14:00:00+00:00
2017-04-05 14:45:00+00:00	BUY	0.0365643	0.03714254	5.782400000000007	2017-04-05 14:55:00+00:00
2017-04-05 17:05:00+00:00	BUY	0.03656452	0.03675996	1.954399999999981	2017-04-05 17:15:00+00:00
2017-04-05 18:45:00+00:00	BUY	0.03554484	0.03579995	2.551099999999959	2017-04-05 19:00:00+00:00
2017-04-05 19:35:00+00:00	BUY	0.03629776	0.03689455	5.967899999999998	2017-04-05 19:45:00+00:00
2017-04-05 21:45:00+00:00	BUY	0.03590002	0.03574952	-1.5049999999999786	2017-04-05 22:15:00+00:00
2017-04-05 22:35:00+00:00	BUY	0.03510435	0.03510436	0.00010000000001675335	2017-04-05 22:45:00+00:00
2017-04-05 23:45:00+00:00	BUY	0.035	0.03521936	2.1935999999999485	2017-04-06 00:15:00+00:00
2017-04-06 00:35:00+00:00	BUY	0.0347	0.03502003	3.2002999999999893	2017-04-06 01:10:00+00:00
2017-04-06 01:45:00+00:00	BUY	0.03450093	0.03435	-1.509300000000005	2017-04-06 02:00:00+00:00
2017-04-06 06:50:00+00:00	BUY	0.03008964	0.03	-0.8964000000000194	2017-04-06 07:00:00+00:00
2017-04-06 09:45:00+00:00	BUY	0.031	0.03236969	13.696899999999998	2017-04-06 10:40:00+00:00
2017-04-06 09:50:00+00:00	BUY	0.03029944	0.03236969	20.70249999999999	2017-04-06 10:40:00+00:00
2017-04-06 11:30:00+00:00	BUY	0.03230011	0.03236962	0.6951000000000179	2017-04-06 12:40:00+00:00
2017-04-06 21:00:00+00:00	BUY	0.03110012	0.03158176	4.816400000000019	2017-04-06 21:30:00+00:00
2017-04-07 01:05:00+00:00	BUY	0.03151132	0.03249985	9.885299999999944	2017-04-07 01:40:00+00:00
2017-04-07 06:35:00+00:00	BUY	0.03198	0.03222073	2.407300000000015	2017-04-07 06:45:00+00:00
2017-04-07 10:05:00+00:00	BUY	0.03665001	0.03689983	2.4982000000000477	2017-04-07 11:15:00+00:00
2017-04-07 10:35:00+00:00	BUY	0.036	0.03689983	8.998300000000043	2017-04-07 11:15:00+00:00
2017-04-07 11:00:00+00:00	BUY	0.03580021	0.03689983	10.996200000000025	2017-04-07 11:15:00+00:00
2017-04-07 11:30:00+00:00	BUY	0.036	0.03677174	7.7174	2017-04-07 11:40:00+00:00
2017-04-07 14:50:00+00:00	BUY	0.03600001	0.03640979	4.097799999999985	2017-04-07 16:30:00+00:00
2017-04-07 16:15:00+00:00	BUY	0.0361	0.03640979	3.097899999999973	2017-04-07 16:30:00+00:00
2017-04-07 16:20:00+00:00	BUY	0.0361	0.03640979	3.097899999999973	2017-04-07 16:30:00+00:00
2017-04-07 17:45:00+00:00	BUY	0.0365	0.0368675	3.6749999999999976	2017-04-07 18:25:00+00:00
2017-04-08 00:00:00+00:00	BUY	0.03568176	0.03619865	5.16889999999999	2017-04-08 00:10:00+00:00
2017-04-08 19:45:00+00:00	BUY	0.03380045	0.03450016	6.9970999999999925	2017-04-08 20:25:00+00:00
2017-04-08 19:50:00+00:00	BUY	0.03387182	0.03450016	6.28340000000005	2017-04-08 20:25:00+00:00
2017-04-09 11:45:00+00:00	BUY	0.0328	0.03396766	11.67659999999994	2017-04-09 12:05:00+00:00
2017-04-09 11:50:00+00:00	BUY	0.03286002	0.03396766	11.0764	2017-04-09 12:05:00+00:00
2017-04-09 23:45:00+00:00	BUY	0.03407976	0.03452907	4.493100000000013	2017-04-10 01:50:00+00:00
2017-04-10 04:15:00+00:00	BUY	0.03397588	0.03397664	0.007600000000024254	2017-04-10 04:50:00+00:00
2017-04-10 08:05:00+00:00	BUY	0.0343003	0.03474	4.397000000000012	2017-04-10 08:40:00+00:00
2017-04-10 14:50:00+00:00	BUY	0.03473244	0.03507961	3.471699999999939	2017-04-10 15:10:00+00:00
2017-04-10 21:45:00+00:00	BUY	0.034	0.03430321	3.032099999999982	2017-04-10 22:05:00+00:00
2017-04-11 20:30:00+00:00	BUY	0.03382836	0.03405229	2.2392999999999716	2017-04-11 20:45:00+00:00
2017-04-12 09:45:00+00:00	BUY	0.03379499	0.03419998	4.049900000000009	2017-04-12 10:00:00+00:00
2017-04-13 02:00:00+00:00	BUY	0.03400001	0.03449129	4.912800000000036	2017-04-13 02:15:00+00:00
2017-04-13 04:00:00+00:00	BUY	0.03442702	0.03483967	4.126500000000005	2017-04-13 04:15:00+00:00
2017-04-13 07:05:00+00:00	BUY	0.0350753	0.03571511	6.398100000000046	2017-04-13 07:15:00+00:00
2017-04-14 13:20:00+00:00	BUY	0.03420116	0.0345847	3.835400000000017	2017-04-14 13:55:00+00:00
2017-04-14 14:00:00+00:00	BUY	0.03432763	0.03469985	3.722199999999995	2017-04-14 14:30:00+00:00
2017-04-17 14:00:00+00:00	BUY	0.03426904	0.03464302	3.73979999999996	2017-04-17 14:20:00+00:00
2017-04-19 04:00:00+00:00	BUY	0.033699	0.03396953	2.70529999999998	2017-04-19 04:40:00+00:00
2017-04-19 22:30:00+00:00	BUY	0.03060567	0.03167295	10.672799999999969	2017-04-19 23:40:00+00:00
2017-04-20 17:35:00+00:00	BUY	0.03159788	0.0319194	3.2151999999999874	2017-04-20 18:00:00+00:00
2017-04-20 22:45:00+00:00	BUY	0.03312195	0.03372314	6.011900000000015	2017-04-20 23:10:00+00:00
2017-04-21 03:00:00+00:00	BUY	0.0311	0.0318776	7.775999999999998	2017-04-21 03:20:00+00:00
2017-04-21 06:35:00+00:00	BUY	0.032	0.03258999	5.8998999999999855	2017-04-21 07:35:00+00:00
2017-04-21 09:00:00+00:00	BUY	0.03465	0.0352515	6.014999999999978	2017-04-21 09:25:00+00:00
2017-04-21 09:05:00+00:00	BUY	0.0345	0.0352515	7.514999999999953	2017-04-21 09:25:00+00:00
2017-04-21 10:00:00+00:00	BUY	0.0345	0.03499994	4.999399999999973	2017-04-21 10:20:00+00:00
2017-04-21 11:45:00+00:00	BUY	0.03530012	0.035999	6.988800000000059	2017-04-21 12:05:00+00:00
2017-04-21 11:50:00+00:00	BUY	0.03531	0.035999	6.890000000000021	2017-04-21 12:05:00+00:00
2017-04-21 20:30:00+00:00	BUY	0.03483407	0.03582882	9.947499999999957	2017-04-21 20:55:00+00:00
2017-04-22 08:20:00+00:00	BUY	0.03384991	0.033718	-1.3190999999999897	2017-04-22 09:05:00+00:00
2017-04-22 08:35:00+00:00	BUY	0.0334125	0.033718	3.0550000000000024	2017-04-22 09:05:00+00:00
2017-04-23 19:15:00+00:00	BUY	0.03420359	0.03433	1.264100000000004	2017-04-23 19:50:00+00:00
2017-04-24 06:00:00+00:00	BUY	0.0335	0.0339001	4.001000000000005	2017-04-24 06:55:00+00:00
2017-04-24 13:30:00+00:00	BUY	0.0334	0.03374443	3.4442999999999975	2017-04-24 13:40:00+00:00
2017-04-25 01:05:00+00:00	BUY	0.035	0.03552997	5.2996999999999765	2017-04-25 01:25:00+00:00
2017-04-25 01:35:00+00:00	BUY	0.03500016	0.03598042	9.802599999999966	2017-04-25 02:35:00+00:00
2017-04-25 02:45:00+00:00	BUY	0.03541448	0.0358	3.855200000000003	2017-04-25 03:20:00+00:00
2017-04-25 12:00:00+00:00	BUY	0.03483125	0.0352308	3.995499999999985	2017-04-25 12:45:00+00:00
2017-04-25 12:05:00+00:00	BUY	0.03482145	0.0352308	4.093500000000027	2017-04-25 12:45:00+00:00
2017-04-25 17:30:00+00:00	BUY	0.03484	0.03514394	3.039399999999956	2017-04-25 19:25:00+00:00
2017-04-25 19:45:00+00:00	BUY	0.0353001	0.03589191	5.918099999999981	2017-04-25 19:55:00+00:00
2017-04-26 12:15:00+00:00	BUY	0.0354	0.0359798	5.797999999999984	2017-04-26 12:50:00+00:00
2017-04-27 07:45:00+00:00	BUY	0.03465017	0.03511	4.598300000000013	2017-04-27 08:05:00+00:00
2017-04-27 18:30:00+00:00	BUY	0.03789988	0.03820001	3.0013000000000263	2017-04-27 19:05:00+00:00
2017-04-27 18:35:00+00:00	BUY	0.03796181	0.03820001	2.382000000000009	2017-04-27 19:05:00+00:00
2017-04-27 22:15:00+00:00	BUY	0.04192053	0.0437	17.794700000000052	2017-04-27 22:40:00+00:00
2017-04-28 01:20:00+00:00	BUY	0.04088536	0.04175452	8.691600000000008	2017-04-28 01:35:00+00:00
2017-04-28 02:15:00+00:00	BUY	0.04147241	0.042	5.275900000000014	2017-04-28 02:25:00+00:00
2017-04-28 02:45:00+00:00	BUY	0.04105871	0.04159582	5.371100000000004	2017-04-28 03:25:00+00:00
2017-04-28 03:45:00+00:00	BUY	0.04187652	0.04242387	5.47350000000002	2017-04-28 04:00:00+00:00
2017-04-28 06:45:00+00:00	BUY	0.04199999	0.043479	14.790099999999958	2017-04-28 08:00:00+00:00
2017-04-28 06:50:00+00:00	BUY	0.04188864	0.043479	15.90359999999999	2017-04-28 08:00:00+00:00
2017-04-28 10:15:00+00:00	BUY	0.04545849	0.04790996	24.51470000000004	2017-04-28 11:25:00+00:00
2017-04-28 10:20:00+00:00	BUY	0.04570049	0.04790996	22.094699999999982	2017-04-28 11:25:00+00:00
2017-04-28 10:30:00+00:00	BUY	0.04640005	0.04790996	15.099100000000032	2017-04-28 11:25:00+00:00
2017-04-28 10:35:00+00:00	BUY	0.0464	0.04790996	15.099600000000047	2017-04-28 11:25:00+00:00
2017-04-28 11:35:00+00:00	BUY	0.04675392	0.0469991	2.4518000000000457	2017-04-28 11:45:00+00:00
2017-04-28 14:30:00+00:00	BUY	0.04468077	0.04577987	10.990999999999987	2017-04-28 14:45:00+00:00
2017-04-28 14:35:00+00:00	BUY	0.04512042	0.04577987	6.594499999999989	2017-04-28 14:45:00+00:00
2017-04-28 14:50:00+00:00	BUY	0.0450954	0.04484992	-2.454799999999993	2017-04-28 15:15:00+00:00
2017-04-28 15:00:00+00:00	BUY	0.04458554	0.04484992	2.6438000000000157	2017-04-28 15:15:00+00:00
2017-04-28 15:05:00+00:00	BUY	0.04448993	0.04484992	3.5999000000000447	2017-04-28 15:15:00+00:00
2017-04-28 18:00:00+00:00	BUY	0.04640453	0.0485557	21.51170000000001	2017-04-28 18:30:00+00:00
2017-04-28 22:30:00+00:00	BUY	0.05229192	0.0527081	4.161800000000021	2017-04-28 22:50:00+00:00
2017-04-28 22:35:00+00:00	BUY	0.05238673	0.0527081	3.2137000000000135	2017-04-28 22:50:00+00:00
2017-04-28 23:35:00+00:00	BUY	0.0516805	0.05278686	11.063600000000006	2017-04-28 23:55:00+00:00
2017-04-29 00:45:00+00:00	BUY	0.05491158	0.05868995	37.78369999999997	2017-04-29 01:20:00+00:00
2017-04-29 01:45:00+00:00	BUY	0.0605	0.06130766	8.076600000000017	2017-04-29 01:55:00+00:00
2017-04-29 07:00:00+00:00	BUY	0.0544	0.05692483	25.248300000000057	2017-04-29 07:25:00+00:00
2017-04-29 07:05:00+00:00	BUY	0.05410714	0.05692483	28.17690000000005	2017-04-29 07:25:00+00:00
2017-04-29 08:15:00+00:00	BUY	0.05427696	0.05555553	12.785699999999997	2017-04-29 08:45:00+00:00
2017-04-29 08:20:00+00:00	BUY	0.05410001	0.05555553	14.555200000000019	2017-04-29 08:45:00+00:00
2017-04-29 08:50:00+00:00	BUY	0.05498696	0.05499999	0.1302999999999721	2017-04-29 09:15:00+00:00
2017-04-29 09:30:00+00:00	BUY	0.05388811	0.05428509	3.9697999999999816	2017-04-29 09:45:00+00:00
2017-04-29 09:35:00+00:00	BUY	0.05375001	0.05428509	5.350800000000003	2017-04-29 09:45:00+00:00
2017-04-29 09:50:00+00:00	BUY	0.0535	0.05429309	7.930900000000032	2017-04-29 10:50:00+00:00
2017-04-29 18:50:00+00:00	BUY	0.05663032	0.057568	9.376800000000033	2017-04-29 19:10:00+00:00
2017-04-30 00:05:00+00:00	BUY	0.05688595	0.05718644	3.0049000000000046	2017-04-30 00:15:00+00:00
2017-04-30 04:05:00+00:00	BUY	0.05339911	0.05389993	5.008199999999991	2017-04-30 04:15:00+00:00
2017-04-30 09:50:00+00:00	BUY	0.05600012	0.0564227	4.225799999999988	2017-04-30 10:45:00+00:00
2017-04-30 12:30:00+00:00	BUY	0.0552206	0.0548999	-3.2070000000000016	2017-04-30 13:15:00+00:00
2017-04-30 12:35:00+00:00	BUY	0.05500004	0.0548999	-1.0013999999999856	2017-04-30 13:15:00+00:00
2017-04-30 13:45:00+00:00	BUY	0.05400007	0.05549085	14.90780000000004	2017-04-30 14:15:00+00:00
2017-04-30 14:05:00+00:00	BUY	0.05467834	0.05549085	8.125100000000025	2017-04-30 14:15:00+00:00
2017-04-30 15:35:00+00:00	BUY	0.05513661	0.05586	7.233899999999974	2017-04-30 15:55:00+00:00
2017-05-01 01:30:00+00:00	BUY	0.06042511	0.06130001	8.749000000000049	2017-05-01 02:00:00+00:00
2017-05-01 03:30:00+00:00	BUY	0.06017	0.06060561	4.35609999999996	2017-05-01 03:45:00+00:00
2017-05-01 04:45:00+00:00	BUY	0.05899999	0.06065002	16.500299999999967	2017-05-01 05:55:00+00:00
2017-05-01 10:00:00+00:00	BUY	0.05799989	0.058558	5.5811000000000055	2017-05-01 10:35:00+00:00
2017-05-01 10:05:00+00:00	BUY	0.05719	0.058558	13.680000000000012	2017-05-01 10:35:00+00:00
2017-05-01 12:45:00+00:00	BUY	0.056236	0.057171	9.349999999999984	2017-05-01 13:05:00+00:00
2017-05-01 12:50:00+00:00	BUY	0.05615	0.057171	10.210000000000012	2017-05-01 13:05:00+00:00
2017-05-01 14:05:00+00:00	BUY	0.05702322	0.05779917	7.759499999999974	2017-05-01 14:20:00+00:00
2017-05-01 17:30:00+00:00	BUY	0.05689995	0.05869125	17.913000000000025	2017-05-01 18:20:00+00:00
2017-05-01 19:20:00+00:00	BUY	0.05805856	0.05885255	7.939899999999945	2017-05-01 20:45:00+00:00
2017-05-01 19:45:00+00:00	BUY	0.05900001	0.05885255	-1.4746000000000203	2017-05-01 20:45:00+00:00
2017-05-01 23:05:00+00:00	BUY	0.0589123	0.05869781	-2.1448999999999776	2017-05-01 23:35:00+00:00
2017-05-01 23:45:00+00:00	BUY	0.0575	0.05945561	19.556099999999965	2017-05-01 23:55:00+00:00
2017-05-02 00:30:00+00:00	BUY	0.05826233	0.058717	4.546699999999973	2017-05-02 00:45:00+00:00
2017-05-02 02:35:00+00:00	BUY	0.05799412	0.05818848	1.943599999999976	2017-05-02 03:35:00+00:00
2017-05-02 07:00:00+00:00	BUY	0.05509621	0.0578	27.037899999999976	2017-05-02 08:25:00+00:00
2017-05-02 07:05:00+00:00	BUY	0.05553698	0.0578	22.630199999999974	2017-05-02 08:25:00+00:00
2017-05-02 07:30:00+00:00	BUY	0.05653258	0.0578	12.674199999999983	2017-05-02 08:25:00+00:00
2017-05-02 10:15:00+00:00	BUY	0.05690011	0.057399	4.988900000000019	2017-05-02 10:30:00+00:00
2017-05-02 13:00:00+00:00	BUY	0.058526	0.0581987	-3.273000000000026	2017-05-02 16:45:00+00:00
2017-05-02 13:05:00+00:00	BUY	0.058616	0.0581987	-4.173000000000024	2017-05-02 16:45:00+00:00
2017-05-02 13:20:00+00:00	BUY	0.05800009	0.0581987	1.9861000000000184	2017-05-02 16:45:00+00:00
2017-05-02 20:15:00+00:00	BUY	0.056601	0.05773531	11.343099999999994	2017-05-02 21:10:00+00:00
2017-05-02 20:20:00+00:00	BUY	0.05622	0.05773531	15.15309999999999	2017-05-02 21:10:00+00:00
2017-05-02 22:00:00+00:00	BUY	0.05805983	0.05815378	0.9395000000000236	2017-05-02 22:15:00+00:00
2017-05-03 03:45:00+00:00	BUY	0.05738299	0.05789684	5.138499999999962	2017-05-03 03:55:00+00:00
2017-05-03 10:05:00+00:00	BUY	0.06037414	0.06099999	6.258499999999972	2017-05-03 10:15:00+00:00
2017-05-03 11:50:00+00:00	BUY	0.05920442	0.06033099	11.265700000000004	2017-05-03 12:10:00+00:00
2017-05-03 12:45:00+00:00	BUY	0.05936045	0.06013955	7.790999999999978	2017-05-03 12:55:00+00:00
2017-05-03 16:05:00+00:00	BUY	0.06255947	0.0649148	23.553299999999886	2017-05-03 16:55:00+00:00
2017-05-03 16:30:00+00:00	BUY	0.0626732	0.0649148	22.415999999999965	2017-05-03 16:55:00+00:00
2017-05-03 17:30:00+00:00	BUY	0.06427079	0.06553521	12.644200000000023	2017-05-03 18:10:00+00:00
2017-05-03 18:50:00+00:00	BUY	0.06454999	0.06657846	20.284700000000043	2017-05-03 19:05:00+00:00
2017-05-03 20:35:00+00:00	BUY	0.06409999	0.06585002	17.500299999999996	2017-05-03 20:55:00+00:00
2017-05-03 22:00:00+00:00	BUY	0.06631242	0.06779616	14.837399999999972	2017-05-03 22:45:00+00:00
2017-05-03 23:30:00+00:00	BUY	0.06910001	0.07	8.999900000000032	2017-05-04 00:00:00+00:00
2017-05-03 23:35:00+00:00	BUY	0.06925	0.07	7.500000000000007	2017-05-04 00:00:00+00:00
2017-05-04 00:30:00+00:00	BUY	0.06799999	0.06892715	9.271600000000102	2017-05-04 01:05:00+00:00
2017-05-04 04:15:00+00:00	BUY	0.07064498	0.0718	11.550200000000066	2017-05-04 04:40:00+00:00
2017-05-04 05:05:00+00:00	BUY	0.07205	0.07431434	22.643400000000035	2017-05-04 05:55:00+00:00
2017-05-04 06:00:00+00:00	BUY	0.07310001	0.0742	10.99989999999995	2017-05-04 06:40:00+00:00
2017-05-04 07:00:00+00:00	BUY	0.07287001	0.07700001	41.29999999999995	2017-05-04 07:55:00+00:00
2017-05-04 12:15:00+00:00	BUY	0.08098	0.0847077	37.277	2017-05-04 12:50:00+00:00
2017-05-04 13:30:00+00:00	BUY	0.0871	0.08910498	20.049800000000033	2017-05-04 13:45:00+00:00
2017-05-04 13:35:00+00:00	BUY	0.08735001	0.08910498	17.549699999999945	2017-05-04 13:45:00+00:00
2017-05-04 14:00:00+00:00	BUY	0.08099212	0.0849	39.07880000000002	2017-05-04 14:20:00+00:00
2017-05-04 17:45:00+00:00	BUY	0.07960004	0.08152508	19.250400000000027	2017-05-04 18:10:00+00:00
2017-05-04 17:50:00+00:00	BUY	0.07999998	0.08152508	15.251000000000015	2017-05-04 18:10:00+00:00
2017-05-04 18:45:00+00:00	BUY	0.081519	0.08600001	44.81010000000008	2017-05-04 21:15:00+00:00
2017-05-04 22:50:00+00:00	BUY	0.09150001	0.09149053	-0.0948000000000615	2017-05-04 23:40:00+00:00
2017-05-04 23:15:00+00:00	BUY	0.0895	0.09149053	19.905300000000043	2017-05-04 23:40:00+00:00
2017-05-04 23:45:00+00:00	BUY	0.09100001	0.0931	20.99989999999996	2017-05-05 00:10:00+00:00
2017-05-04 23:50:00+00:00	BUY	0.0913	0.0931	17.99999999999996	2017-05-05 00:10:00+00:00
2017-05-05 04:45:00+00:00	BUY	0.09675604	0.09726508	5.090400000000023	2017-05-05 05:20:00+00:00
2017-05-05 04:50:00+00:00	BUY	0.0976235	0.09726508	-3.584199999999982	2017-05-05 05:20:00+00:00
2017-05-05 07:15:00+00:00	BUY	0.10599999	0.10483963	-11.603599999999991	2017-05-05 08:10:00+00:00
2017-05-05 07:30:00+00:00	BUY	0.0993634	0.10483963	54.76229999999999	2017-05-05 08:10:00+00:00
2017-05-05 09:05:00+00:00	BUY	0.1020561	0.10424	21.839000000000024	2017-05-05 09:40:00+00:00
2017-05-05 16:00:00+00:00	BUY	0.087121	0.09199999	48.789899999999996	2017-05-05 16:25:00+00:00
2017-05-05 16:05:00+00:00	BUY	0.08799993	0.09199999	40.0006	2017-05-05 16:25:00+00:00
2017-05-05 16:45:00+00:00	BUY	0.09018	0.0956979	55.179000000000066	2017-05-05 17:25:00+00:00
2017-05-05 17:00:00+00:00	BUY	0.090631	0.0956979	50.66899999999998	2017-05-05 17:25:00+00:00
2017-05-05 17:45:00+00:00	BUY	0.09505722	0.094037	-10.202200000000023	2017-05-05 18:20:00+00:00
2017-05-05 17:50:00+00:00	BUY	0.094896	0.094037	-8.589999999999986	2017-05-05 18:20:00+00:00
2017-05-05 20:45:00+00:00	BUY	0.10000021	0.10397703	39.76819999999992	2017-05-05 21:30:00+00:00
2017-05-05 20:50:00+00:00	BUY	0.1000772	0.10397703	38.99829999999993	2017-05-05 21:30:00+00:00
2017-05-05 21:00:00+00:00	BUY	0.100158	0.10397703	38.19030000000001	2017-05-05 21:30:00+00:00
2017-05-05 21:05:00+00:00	BUY	0.10015801	0.10397703	38.190199999999926	2017-05-05 21:30:00+00:00
2017-05-05 22:20:00+00:00	BUY	0.105	0.10602158	10.21580000000008	2017-05-05 22:35:00+00:00
2017-05-06 00:30:00+00:00	BUY	0.09998999	0.10167	16.800099999999958	2017-05-06 01:45:00+00:00
2017-05-06 00:50:00+00:00	BUY	0.10073804	0.10167	9.319599999999955	2017-05-06 01:45:00+00:00
2017-05-06 01:00:00+00:00	BUY	0.101164	0.10167	5.059999999999926	2017-05-06 01:45:00+00:00
2017-05-06 01:20:00+00:00	BUY	0.10150362	0.10167	1.6637999999999376	2017-05-06 01:45:00+00:00
2017-05-06 02:20:00+00:00	BUY	0.09736137	0.09908	17.18629999999999	2017-05-06 02:50:00+00:00
2017-05-06 02:30:00+00:00	BUY	0.09788	0.09908	12.000000000000066	2017-05-06 02:50:00+00:00
2017-05-06 02:35:00+00:00	BUY	0.09837	0.09908	7.100000000000023	2017-05-06 02:50:00+00:00
2017-05-06 03:00:00+00:00	BUY	0.09740026	0.0988	13.997399999999965	2017-05-06 03:40:00+00:00
2017-05-06 03:15:00+00:00	BUY	0.09450005	0.0988	42.99949999999997	2017-05-06 03:40:00+00:00
2017-05-06 05:05:00+00:00	BUY	0.1010128	0.101822	8.09199999999996	2017-05-06 05:25:00+00:00
2017-05-06 06:00:00+00:00	BUY	0.09879971	0.1002	14.002899999999984	2017-05-06 06:35:00+00:00
2017-05-06 07:45:00+00:00	BUY	0.099063	0.10047593	14.129300000000066	2017-05-06 08:40:00+00:00
2017-05-06 10:20:00+00:00	BUY	0.0972	0.0966	-5.999999999999894	2017-05-06 10:50:00+00:00
2017-05-06 12:15:00+00:00	BUY	0.10160412	0.10199989	3.9576999999998974	2017-05-06 12:25:00+00:00
2017-05-06 14:05:00+00:00	BUY	0.1007	0.10237999	16.79990000000006	2017-05-06 14:25:00+00:00
2017-05-06 14:30:00+00:00	BUY	0.10140006	0.101364	-0.3606000000000442	2017-05-06 14:45:00+00:00
2017-05-06 14:35:00+00:00	BUY	0.1014	0.101364	-0.3600000000000825	2017-05-06 14:45:00+00:00
2017-05-06 16:45:00+00:00	BUY	0.10000001	0.1025	24.999899999999936	2017-05-06 17:50:00+00:00
2017-05-06 18:45:00+00:00	BUY	0.10300002	0.10317003	1.7000999999999822	2017-05-06 19:50:00+00:00
2017-05-06 20:35:00+00:00	BUY	0.10192081	0.101265	-6.558100000000067	2017-05-06 22:05:00+00:00
2017-05-07 00:30:00+00:00	BUY	0.10363757	0.10620001	25.62439999999999	2017-05-07 01:40:00+00:00
2017-05-07 01:05:00+00:00	BUY	0.10387501	0.10620001	23.249999999999936	2017-05-07 01:40:00+00:00
2017-05-07 01:15:00+00:00	BUY	0.1042388	0.10620001	19.61209999999991	2017-05-07 01:40:00+00:00
2017-05-07 01:20:00+00:00	BUY	0.10420003	0.10620001	19.999799999999983	2017-05-07 01:40:00+00:00
2017-05-07 04:00:00+00:00	BUY	0.118	0.1208	28.000000000000107	2017-05-07 04:15:00+00:00
2017-05-07 04:05:00+00:00	BUY	0.11900002	0.1208	17.999800000000064	2017-05-07 04:15:00+00:00
2017-05-07 05:30:00+00:00	BUY	0.12999999	0.13338871	33.88719999999984	2017-05-07 05:45:00+00:00
2017-05-07 05:35:00+00:00	BUY	0.13048767	0.13338871	29.010399999999937	2017-05-07 05:45:00+00:00
2017-05-07 05:50:00+00:00	BUY	0.131814	0.13750002	56.86020000000014	2017-05-07 06:05:00+00:00
2017-05-07 06:30:00+00:00	BUY	0.13340373	0.134	5.9627000000000985	2017-05-07 06:45:00+00:00
2017-05-07 07:45:00+00:00	BUY	0.134399	0.13559709	11.980900000000128	2017-05-07 07:55:00+00:00
2017-05-07 08:15:00+00:00	BUY	0.13289997	0.135	21.000300000000028	2017-05-07 08:30:00+00:00
2017-05-07 09:35:00+00:00	BUY	0.12703738	0.12999996	29.625799999999924	2017-05-07 09:45:00+00:00
2017-05-07 10:00:00+00:00	BUY	0.12400998	0.12829985	42.89869999999987	2017-05-07 10:20:00+00:00
2017-05-07 10:05:00+00:00	BUY	0.12499999	0.12829985	32.998599999999875	2017-05-07 10:20:00+00:00
2017-05-07 11:05:00+00:00	BUY	0.12825786	0.13439979	61.4192999999999	2017-05-07 11:50:00+00:00
2017-05-07 12:20:00+00:00	BUY	0.13350001	0.134	4.999900000000057	2017-05-07 12:50:00+00:00
2017-05-07 13:05:00+00:00	BUY	0.132	0.13498231	29.82309999999988	2017-05-07 13:20:00+00:00
2017-05-07 15:05:00+00:00	BUY	0.14725127	0.1516031	43.51830000000001	2017-05-07 15:50:00+00:00
2017-05-07 15:15:00+00:00	BUY	0.149	0.1516031	26.03099999999997	2017-05-07 15:50:00+00:00
2017-05-07 15:20:00+00:00	BUY	0.14800038	0.1516031	36.027200000000036	2017-05-07 15:50:00+00:00
2017-05-07 16:00:00+00:00	BUY	0.1495	0.15053007	10.30069999999994	2017-05-07 16:20:00+00:00
2017-05-07 16:05:00+00:00	BUY	0.14729849	0.15053007	32.31579999999984	2017-05-07 16:20:00+00:00
2017-05-07 17:15:00+00:00	BUY	0.14349998	0.14450016	10.001799999999895	2017-05-07 17:30:00+00:00
2017-05-07 18:30:00+00:00	BUY	0.13631772	0.14389996	75.8223999999999	2017-05-07 19:00:00+00:00
2017-05-07 18:35:00+00:00	BUY	0.1364454	0.14389996	74.5456	2017-05-07 19:00:00+00:00
2017-05-07 20:15:00+00:00	BUY	0.14083796	0.14744463	66.06669999999981	2017-05-07 20:50:00+00:00
2017-05-07 23:45:00+00:00	BUY	0.18100001	0.200134	191.33990000000017	2017-05-08 00:30:00+00:00
2017-05-07 23:50:00+00:00	BUY	0.18140162	0.200134	187.32379999999992	2017-05-08 00:30:00+00:00
2017-05-08 01:10:00+00:00	BUY	0.17800004	0.18386662	58.665800000000104	2017-05-08 01:25:00+00:00
2017-05-08 02:30:00+00:00	BUY	0.185	0.18859	35.9000000000001	2017-05-08 03:05:00+00:00
2017-05-08 02:35:00+00:00	BUY	0.185	0.18859	35.9000000000001	2017-05-08 03:05:00+00:00
2017-05-08 02:45:00+00:00	BUY	0.187	0.18859	15.90000000000008	2017-05-08 03:05:00+00:00
2017-05-08 02:55:00+00:00	BUY	0.187111	0.18859	14.79000000000008	2017-05-08 03:05:00+00:00
2017-05-08 03:20:00+00:00	BUY	0.18009498	0.1899	98.05020000000026	2017-05-08 04:10:00+00:00
2017-05-08 06:00:00+00:00	BUY	0.19590215	0.2045	85.9784999999999	2017-05-08 06:20:00+00:00
2017-05-08 07:50:00+00:00	BUY	0.21600001	0.22999995	139.99940000000018	2017-05-08 08:15:00+00:00
2017-05-08 10:35:00+00:00	BUY	0.21006443	0.22895849	188.9405999999999	2017-05-08 11:05:00+00:00
2017-05-08 10:50:00+00:00	BUY	0.21749933	0.22895849	114.59159999999997	2017-05-08 11:05:00+00:00
2017-05-08 11:15:00+00:00	BUY	0.219	0.22337298	43.72979999999998	2017-05-08 11:35:00+00:00
2017-05-08 11:20:00+00:00	BUY	0.21784892	0.22337298	55.24059999999997	2017-05-08 11:35:00+00:00
2017-05-08 15:15:00+00:00	BUY	0.15199999	0.184	320.0000999999999	2017-05-08 15:50:00+00:00
2017-05-08 16:00:00+00:00	BUY	0.168	0.18791747	199.17469999999992	2017-05-08 16:35:00+00:00
2017-05-08 17:00:00+00:00	BUY	0.19275483	0.19449999	17.451600000000234	2017-05-08 17:15:00+00:00
2017-05-08 17:05:00+00:00	BUY	0.19	0.19449999	44.999900000000096	2017-05-08 17:15:00+00:00
2017-05-08 17:50:00+00:00	BUY	0.20099671	0.2089	79.03290000000007	2017-05-08 19:20:00+00:00
2017-05-08 18:35:00+00:00	BUY	0.19500001	0.2089	138.9999	2017-05-08 19:20:00+00:00
2017-05-08 21:05:00+00:00	BUY	0.1749733	0.1749999	0.266000000000155	2017-05-08 21:15:00+00:00
2017-05-08 23:45:00+00:00	BUY	0.158	0.16699997	89.99969999999996	2017-05-09 00:00:00+00:00
2017-05-09 00:20:00+00:00	BUY	0.1572	0.16999983	127.99829999999983	2017-05-09 00:45:00+00:00
2017-05-09 02:45:00+00:00	BUY	0.12906973	0.1479	188.3027000000001	2017-05-09 03:10:00+00:00
2017-05-09 05:00:00+00:00	BUY	0.1577797	0.16306671	52.870100000000086	2017-05-09 05:20:00+00:00
2017-05-09 06:40:00+00:00	BUY	0.16600001	0.183	169.9998999999999	2017-05-09 08:05:00+00:00
2017-05-09 07:00:00+00:00	BUY	0.169064	0.183	139.36000000000004	2017-05-09 08:05:00+00:00
2017-05-09 07:15:00+00:00	BUY	0.1701914	0.183	128.08600000000004	2017-05-09 08:05:00+00:00
2017-05-09 08:15:00+00:00	BUY	0.181	0.17829179	-27.082099999999887	2017-05-09 09:30:00+00:00
2017-05-09 08:20:00+00:00	BUY	0.1805	0.17829179	-22.082099999999883	2017-05-09 09:30:00+00:00
2017-05-09 11:00:00+00:00	BUY	0.171825	0.1727	8.749999999999869	2017-05-09 11:15:00+00:00
2017-05-09 11:05:00+00:00	BUY	0.17274506	0.1727	-0.4506000000001342	2017-05-09 11:15:00+00:00
2017-05-09 11:50:00+00:00	BUY	0.16500003	0.16337	-16.300300000000046	2017-05-09 14:05:00+00:00
2017-05-09 12:35:00+00:00	BUY	0.166339	0.16337	-29.689999999999994	2017-05-09 14:05:00+00:00
2017-05-09 12:45:00+00:00	BUY	0.16573421	0.16337	-23.642100000000056	2017-05-09 14:05:00+00:00
2017-05-09 12:50:00+00:00	BUY	0.16033885	0.16337	30.311499999999825	2017-05-09 14:05:00+00:00
2017-05-09 13:40:00+00:00	BUY	0.15701504	0.16337	63.54959999999993	2017-05-09 14:05:00+00:00
2017-05-09 16:00:00+00:00	BUY	0.1700086	0.17102797	10.193699999999916	2017-05-09 16:15:00+00:00
2017-05-09 16:30:00+00:00	BUY	0.17	0.17204724	20.47239999999978	2017-05-09 16:50:00+00:00
2017-05-09 17:15:00+00:00	BUY	0.16467006	0.16706993	23.998699999999985	2017-05-09 17:25:00+00:00
2017-05-09 17:30:00+00:00	BUY	0.16644529	0.1666815	2.3621000000001446	2017-05-09 17:50:00+00:00
2017-05-09 17:35:00+00:00	BUY	0.1656425	0.1666815	10.390000000000121	2017-05-09 17:50:00+00:00
2017-05-09 18:30:00+00:00	BUY	0.1582769	0.159439	11.620999999999992	2017-05-09 19:00:00+00:00
2017-05-09 18:45:00+00:00	BUY	0.158625	0.159439	8.140000000000091	2017-05-09 19:00:00+00:00
2017-05-09 18:50:00+00:00	BUY	0.158	0.159439	14.389999999999958	2017-05-09 19:00:00+00:00
2017-05-09 19:05:00+00:00	BUY	0.15598631	0.159735	37.48689999999999	2017-05-09 19:25:00+00:00
2017-05-09 20:15:00+00:00	BUY	0.16689341	0.1911	242.0659	2017-05-09 21:05:00+00:00
2017-05-09 22:35:00+00:00	BUY	0.187422	0.1978	103.77999999999999	2017-05-09 23:25:00+00:00
2017-05-09 23:00:00+00:00	BUY	0.189874	0.1978	79.26000000000016	2017-05-09 23:25:00+00:00
2017-05-09 23:05:00+00:00	BUY	0.189303	0.1978	84.97000000000004	2017-05-09 23:25:00+00:00
2017-05-10 01:50:00+00:00	BUY	0.187	0.188928	19.28000000000013	2017-05-10 02:20:00+00:00
2017-05-10 04:30:00+00:00	BUY	0.184269	0.185559	12.900000000000134	2017-05-10 04:50:00+00:00
2017-05-10 04:35:00+00:00	BUY	0.184633	0.185559	9.260000000000101	2017-05-10 04:50:00+00:00
2017-05-10 06:05:00+00:00	BUY	0.1821	0.17644708	-56.52920000000006	2017-05-10 08:00:00+00:00
2017-05-10 06:10:00+00:00	BUY	0.18220002	0.17644708	-57.52939999999984	2017-05-10 08:00:00+00:00
2017-05-10 06:15:00+00:00	BUY	0.18188826	0.17644708	-54.4117999999999	2017-05-10 08:00:00+00:00
2017-05-10 06:25:00+00:00	BUY	0.182	0.17644708	-55.52919999999989	2017-05-10 08:00:00+00:00
2017-05-10 07:15:00+00:00	BUY	0.17800001	0.17644708	-15.529299999999802	2017-05-10 08:00:00+00:00
2017-05-10 07:25:00+00:00	BUY	0.17972499	0.17644708	-32.77909999999995	2017-05-10 08:00:00+00:00
2017-05-10 08:30:00+00:00	BUY	0.1693	0.17765063	83.50629999999998	2017-05-10 08:55:00+00:00
2017-05-10 08:35:00+00:00	BUY	0.170883	0.17765063	67.67629999999997	2017-05-10 08:55:00+00:00
2017-05-10 10:50:00+00:00	BUY	0.17	0.18052187	105.21869999999988	2017-05-10 11:50:00+00:00
2017-05-10 11:20:00+00:00	BUY	0.173461	0.18052187	70.60869999999997	2017-05-10 11:50:00+00:00
2017-05-10 12:00:00+00:00	BUY	0.17783289	0.18206879	42.359000000000144	2017-05-10 12:45:00+00:00
2017-05-10 12:15:00+00:00	BUY	0.17848497	0.18206879	35.83820000000016	2017-05-10 12:45:00+00:00
2017-05-10 12:20:00+00:00	BUY	0.17848497	0.18206879	35.83820000000016	2017-05-10 12:45:00+00:00
2017-05-10 13:20:00+00:00	BUY	0.18131742	0.181529	2.11579999999989	2017-05-10 13:30:00+00:00
2017-05-10 15:45:00+00:00	BUY	0.180532	0.18283359	23.015899999999924	2017-05-10 16:00:00+00:00
2017-05-10 16:05:00+00:00	BUY	0.18168875	0.1850001	33.11349999999991	2017-05-10 17:15:00+00:00
2017-05-10 16:30:00+00:00	BUY	0.1813488	0.1850001	36.51299999999996	2017-05-10 17:15:00+00:00
2017-05-10 16:35:00+00:00	BUY	0.17913827	0.1850001	58.618300000000126	2017-05-10 17:15:00+00:00
2017-05-10 18:15:00+00:00	BUY	0.18923906	0.191681	24.419400000000035	2017-05-10 18:30:00+00:00
2017-05-10 19:15:00+00:00	BUY	0.18740027	0.187717	3.167299999999873	2017-05-10 19:30:00+00:00
2017-05-10 19:20:00+00:00	BUY	0.18601	0.187717	17.06999999999986	2017-05-10 19:30:00+00:00
2017-05-11 00:00:00+00:00	BUY	0.16871447	0.174435	57.205300000000015	2017-05-11 00:10:00+00:00
2017-05-11 05:45:00+00:00	BUY	0.17895754	0.1805658	16.082600000000003	2017-05-11 05:55:00+00:00
2017-05-11 06:05:00+00:00	BUY	0.17990803	0.18153001	16.21979999999995	2017-05-11 06:25:00+00:00
2017-05-11 06:30:00+00:00	BUY	0.18008293	0.18275087	26.679400000000076	2017-05-11 08:35:00+00:00
2017-05-11 06:50:00+00:00	BUY	0.18	0.18275087	27.508700000000164	2017-05-11 08:35:00+00:00
2017-05-11 07:30:00+00:00	BUY	0.18	0.18275087	27.508700000000164	2017-05-11 08:35:00+00:00
2017-05-11 07:35:00+00:00	BUY	0.1798	0.18275087	29.50870000000022	2017-05-11 08:35:00+00:00
2017-05-11 08:05:00+00:00	BUY	0.181888	0.18275087	8.628700000000155	2017-05-11 08:35:00+00:00
2017-05-11 10:30:00+00:00	BUY	0.1803333	0.1787	-16.33300000000004	2017-05-11 11:20:00+00:00
2017-05-11 12:00:00+00:00	BUY	0.17838292	0.178633	2.5007999999998587	2017-05-11 12:15:00+00:00
2017-05-11 12:05:00+00:00	BUY	0.1777742	0.178633	8.58799999999993	2017-05-11 12:15:00+00:00
2017-05-11 13:35:00+00:00	BUY	0.1785	0.18160004	31.000399999999985	2017-05-11 13:55:00+00:00
2017-05-11 15:45:00+00:00	BUY	0.187	0.193222	62.220000000000056	2017-05-11 16:00:00+00:00
2017-05-11 17:00:00+00:00	BUY	0.18449999	0.190666	61.66009999999999	2017-05-11 17:50:00+00:00
2017-05-11 17:15:00+00:00	BUY	0.18600001	0.190666	46.659900000000086	2017-05-11 17:50:00+00:00
2017-05-11 17:20:00+00:00	BUY	0.1857418	0.190666	49.2419999999999	2017-05-11 17:50:00+00:00
2017-05-11 21:45:00+00:00	BUY	0.19054213	0.1919436	14.01469999999988	2017-05-11 22:45:00+00:00
2017-05-11 21:50:00+00:00	BUY	0.19188	0.1919436	0.6359999999999699	2017-05-11 22:45:00+00:00
2017-05-11 22:50:00+00:00	BUY	0.19015703	0.1909	7.4296999999998175	2017-05-11 23:20:00+00:00
2017-05-11 23:00:00+00:00	BUY	0.1905117	0.1909	3.8829999999998033	2017-05-11 23:20:00+00:00
2017-05-12 00:15:00+00:00	BUY	0.1913	0.19304367	17.436700000000027	2017-05-12 00:50:00+00:00
2017-05-12 02:15:00+00:00	BUY	0.193222	0.19352	2.979999999999927	2017-05-12 03:00:00+00:00
2017-05-12 02:20:00+00:00	BUY	0.19304999	0.19352	4.70009999999993	2017-05-12 03:00:00+00:00
2017-05-12 02:45:00+00:00	BUY	0.19198531	0.19352	15.346900000000051	2017-05-12 03:00:00+00:00
2017-05-12 04:30:00+00:00	BUY	0.19010968	0.1927105	26.008200000000038	2017-05-12 04:50:00+00:00
2017-05-12 07:15:00+00:00	BUY	0.20620574	0.20959999	33.94250000000015	2017-05-12 07:35:00+00:00
2017-05-12 07:20:00+00:00	BUY	0.203775	0.20959999	58.24990000000002	2017-05-12 07:35:00+00:00
2017-05-12 10:15:00+00:00	BUY	0.20639999	0.21139501	49.95019999999989	2017-05-12 11:00:00+00:00
2017-05-12 10:20:00+00:00	BUY	0.20500008	0.21139501	63.94929999999993	2017-05-12 11:00:00+00:00
2017-05-12 11:50:00+00:00	BUY	0.20412893	0.20410002	-0.2890999999999311	2017-05-12 12:00:00+00:00
2017-05-12 13:15:00+00:00	BUY	0.20480834	0.20502422	2.1588000000000163	2017-05-12 14:15:00+00:00
2017-05-12 13:20:00+00:00	BUY	0.20537369	0.20502422	-3.494699999999906	2017-05-12 14:15:00+00:00
2017-05-12 13:30:00+00:00	BUY	0.20566803	0.20502422	-6.438099999999947	2017-05-12 14:15:00+00:00
2017-05-12 13:35:00+00:00	BUY	0.20600003	0.20502422	-9.758099999999937	2017-05-12 14:15:00+00:00
2017-05-12 15:15:00+00:00	BUY	0.193	0.19974758	67.47580000000004	2017-05-12 16:00:00+00:00
2017-05-12 15:20:00+00:00	BUY	0.191203	0.19974758	85.44579999999996	2017-05-12 16:00:00+00:00
2017-05-12 17:30:00+00:00	BUY	0.2006918	0.20172525	10.334499999999913	2017-05-12 17:40:00+00:00
2017-05-12 18:45:00+00:00	BUY	0.20377201	0.21299998	92.27970000000002	2017-05-12 19:30:00+00:00
2017-05-12 18:50:00+00:00	BUY	0.20906478	0.21299998	39.352	2017-05-12 19:30:00+00:00
2017-05-12 20:45:00+00:00	BUY	0.206182	0.20333	-28.519999999999936	2017-05-12 21:15:00+00:00
2017-05-12 20:50:00+00:00	BUY	0.20652413	0.20333	-31.941299999999895	2017-05-12 21:15:00+00:00
2017-05-13 00:15:00+00:00	BUY	0.21000002	0.21399895	39.98929999999984	2017-05-13 00:35:00+00:00
2017-05-13 00:20:00+00:00	BUY	0.211	0.21399895	29.989500000000003	2017-05-13 00:35:00+00:00
2017-05-13 00:45:00+00:00	BUY	0.20999851	0.213	30.014899999999955	2017-05-13 01:40:00+00:00
2017-05-13 06:00:00+00:00	BUY	0.22414078	0.2206	-35.40780000000021	2017-05-13 08:15:00+00:00
2017-05-13 06:05:00+00:00	BUY	0.22414078	0.2206	-35.40780000000021	2017-05-13 08:15:00+00:00
2017-05-13 06:10:00+00:00	BUY	0.22414078	0.2206	-35.40780000000021	2017-05-13 08:15:00+00:00
2017-05-13 10:05:00+00:00	BUY	0.20393812	0.215121	111.82880000000006	2017-05-13 10:40:00+00:00
2017-05-13 10:10:00+00:00	BUY	0.20393812	0.215121	111.82880000000006	2017-05-13 10:40:00+00:00
2017-05-13 10:25:00+00:00	BUY	0.2035	0.215121	116.21000000000019	2017-05-13 10:40:00+00:00
2017-05-13 12:00:00+00:00	BUY	0.2083	0.217823	95.22999999999976	2017-05-13 12:30:00+00:00
2017-05-13 12:05:00+00:00	BUY	0.20925057	0.217823	85.72429999999991	2017-05-13 12:30:00+00:00
2017-05-13 15:30:00+00:00	BUY	0.218801	0.21435494	-44.460600000000014	2017-05-13 16:35:00+00:00
2017-05-13 15:35:00+00:00	BUY	0.217823	0.21435494	-34.68059999999995	2017-05-13 16:35:00+00:00
2017-05-13 17:00:00+00:00	BUY	0.21383685	0.21554799	17.1114	2017-05-13 17:10:00+00:00
2017-05-13 19:00:00+00:00	BUY	0.21750001	0.2179	3.999900000000167	2017-05-13 19:15:00+00:00
2017-05-13 19:05:00+00:00	BUY	0.217501	0.2179	3.9900000000001046	2017-05-13 19:15:00+00:00
2017-05-13 21:00:00+00:00	BUY	0.21865	0.2239	52.49999999999977	2017-05-13 22:05:00+00:00
2017-05-13 23:20:00+00:00	BUY	0.22300001	0.22399998	9.999699999999889	2017-05-13 23:50:00+00:00
2017-05-14 00:00:00+00:00	BUY	0.22167642	0.224331	26.545799999999897	2017-05-14 00:20:00+00:00
2017-05-14 00:05:00+00:00	BUY	0.222	0.224331	23.31	2017-05-14 00:20:00+00:00
2017-05-14 00:30:00+00:00	BUY	0.22223	0.224333	21.029999999999937	2017-05-14 00:55:00+00:00
2017-05-14 00:35:00+00:00	BUY	0.2222093	0.224333	21.237000000000062	2017-05-14 00:55:00+00:00
2017-05-14 01:30:00+00:00	BUY	0.22259579	0.22459801	20.02219999999999	2017-05-14 02:30:00+00:00
2017-05-14 04:20:00+00:00	BUY	0.21937125	0.2216613	22.900500000000157	2017-05-14 05:10:00+00:00
2017-05-14 04:35:00+00:00	BUY	0.21999999	0.2216613	16.613099999999992	2017-05-14 05:10:00+00:00
2017-05-14 05:50:00+00:00	BUY	0.22146502	0.22155618	0.9115999999997904	2017-05-14 06:00:00+00:00
2017-05-14 08:15:00+00:00	BUY	0.21781681	0.21986307	20.46259999999994	2017-05-14 08:30:00+00:00
2017-05-14 08:20:00+00:00	BUY	0.21966844	0.21986307	1.946300000000012	2017-05-14 08:30:00+00:00
2017-05-14 09:05:00+00:00	BUY	0.21700252	0.21919992	21.973999999999883	2017-05-14 10:00:00+00:00
2017-05-14 09:50:00+00:00	BUY	0.21799803	0.21919992	12.018899999999832	2017-05-14 10:00:00+00:00
2017-05-14 11:00:00+00:00	BUY	0.21598201	0.21470002	-12.819900000000107	2017-05-14 11:30:00+00:00
2017-05-14 11:20:00+00:00	BUY	0.2133256	0.21470002	13.744199999999873	2017-05-14 11:30:00+00:00
2017-05-14 12:30:00+00:00	BUY	0.21000018	0.21317457	31.743899999999993	2017-05-14 13:10:00+00:00
2017-05-14 12:50:00+00:00	BUY	0.21215287	0.21317457	10.217000000000143	2017-05-14 13:10:00+00:00
2017-05-14 13:00:00+00:00	BUY	0.210868	0.21317457	23.065700000000078	2017-05-14 13:10:00+00:00
2017-05-14 14:15:00+00:00	BUY	0.212	0.22004533	80.45330000000017	2017-05-14 15:55:00+00:00
2017-05-14 15:00:00+00:00	BUY	0.21405	0.22004533	59.95330000000021	2017-05-14 15:55:00+00:00
2017-05-14 16:45:00+00:00	BUY	0.2215278	0.22299996	14.721600000000002	2017-05-14 16:55:00+00:00
2017-05-14 17:15:00+00:00	BUY	0.22023532	0.2223502	21.148799999999856	2017-05-14 18:50:00+00:00
2017-05-14 17:20:00+00:00	BUY	0.22021021	0.2223502	21.399900000000084	2017-05-14 18:50:00+00:00
2017-05-14 18:15:00+00:00	BUY	0.21986629	0.2223502	24.83910000000006	2017-05-14 18:50:00+00:00
2017-05-14 18:20:00+00:00	BUY	0.218914	0.2223502	34.362	2017-05-14 18:50:00+00:00
2017-05-14 22:00:00+00:00	BUY	0.23367842	0.23502447	13.460500000000152	2017-05-14 22:40:00+00:00
2017-04-01 00:45:00+00:00	SELL	0.02136282	0.0208075	5.5532000000000155	2017-04-01 00:55:00+00:00
2017-04-01 01:00:00+00:00	SELL	0.0216	0.02089945	7.005500000000012	2017-04-01 01:45:00+00:00
2017-04-01 01:05:00+00:00	SELL	0.02171	0.02089945	8.105500000000001	2017-04-01 01:45:00+00:00
2017-04-01 04:45:00+00:00	SELL	0.02178498	0.02100056	7.844199999999975	2017-04-01 05:00:00+00:00
2017-04-01 08:15:00+00:00	SELL	0.0222	0.0216747	5.252999999999994	2017-04-01 09:55:00+00:00
2017-04-01 08:20:00+00:00	SELL	0.02219996	0.0216747	5.252599999999996	2017-04-01 09:55:00+00:00
2017-04-01 21:00:00+00:00	SELL	0.0222901	0.02282223	-5.3212999999999875	2017-04-01 23:25:00+00:00
2017-04-01 23:30:00+00:00	SELL	0.02292222	0.02414049	-12.182700000000004	2017-04-02 02:00:00+00:00
2017-04-02 01:50:00+00:00	SELL	0.0241	0.02414049	-0.40490000000000664	2017-04-02 02:00:00+00:00
2017-04-02 02:45:00+00:00	SELL	0.02770795	0.0258	19.079499999999985	2017-04-02 03:10:00+00:00
2017-04-02 03:30:00+00:00	SELL	0.02643989	0.0258	6.398900000000006	2017-04-02 03:45:00+00:00
2017-04-02 03:35:00+00:00	SELL	0.0263996	0.0258	5.995999999999987	2017-04-02 03:45:00+00:00
2017-04-02 05:15:00+00:00	SELL	0.036	0.03333251	26.674899999999944	2017-04-02 06:10:00+00:00
2017-04-02 05:20:00+00:00	SELL	0.0324059	0.03333251	-9.266100000000014	2017-04-02 06:10:00+00:00
2017-04-02 05:45:00+00:00	SELL	0.0347	0.03333251	13.67489999999999	2017-04-02 06:10:00+00:00
2017-04-02 08:00:00+00:00	SELL	0.04119043	0.04006166	11.287700000000012	2017-04-02 08:25:00+00:00
2017-04-02 09:50:00+00:00	SELL	0.0413	0.03985646	14.435400000000001	2017-04-02 10:30:00+00:00
2017-04-02 10:05:00+00:00	SELL	0.04097998	0.03985646	11.23519999999996	2017-04-02 10:30:00+00:00
2017-04-02 11:35:00+00:00	SELL	0.046	0.0605	-145.0	2017-04-02 12:30:00+00:00
2017-04-02 12:15:00+00:00	SELL	0.05889899	0.0605	-16.010099999999998	2017-04-02 12:30:00+00:00
2017-04-02 12:20:00+00:00	SELL	0.05689	0.0605	-36.09999999999995	2017-04-02 12:30:00+00:00
2017-04-02 12:45:00+00:00	SELL	0.075	0.050373	246.26999999999995	2017-04-02 13:25:00+00:00
2017-04-02 12:50:00+00:00	SELL	0.074	0.050373	236.26999999999992	2017-04-02 13:25:00+00:00
2017-04-02 12:55:00+00:00	SELL	0.07199999	0.050373	216.2699	2017-04-02 13:25:00+00:00
2017-04-02 15:15:00+00:00	SELL	0.05397322	0.047	69.73220000000002	2017-04-02 15:45:00+00:00
2017-04-02 15:20:00+00:00	SELL	0.05199996	0.047	49.99959999999998	2017-04-02 15:45:00+00:00
2017-04-02 16:15:00+00:00	SELL	0.05300999	0.05361	-6.00009999999998	2017-04-02 16:30:00+00:00
2017-04-02 16:25:00+00:00	SELL	0.053	0.05361	-6.099999999999994	2017-04-02 16:30:00+00:00
2017-04-02 17:30:00+00:00	SELL	0.05579692	0.05431087	14.860500000000027	2017-04-02 17:45:00+00:00
2017-04-02 17:35:00+00:00	SELL	0.05600002	0.05431087	16.891500000000004	2017-04-02 17:45:00+00:00
2017-04-02 18:05:00+00:00	SELL	0.05949	0.05899779	4.922099999999999	2017-04-02 18:15:00+00:00
2017-04-02 20:05:00+00:00	SELL	0.06249995	0.05300001	94.99939999999998	2017-04-02 21:40:00+00:00
2017-04-02 21:00:00+00:00	SELL	0.05953367	0.05300001	65.33659999999996	2017-04-02 21:40:00+00:00
2017-04-02 22:05:00+00:00	SELL	0.057	0.04205375	149.4625	2017-04-02 23:20:00+00:00
2017-04-03 00:05:00+00:00	SELL	0.04670738	0.05023522	-35.278399999999976	2017-04-03 01:40:00+00:00
2017-04-03 00:15:00+00:00	SELL	0.04599998	0.05023522	-42.352399999999946	2017-04-03 01:40:00+00:00
2017-04-03 01:05:00+00:00	SELL	0.05650061	0.05023522	62.65390000000003	2017-04-03 01:40:00+00:00
2017-04-03 01:15:00+00:00	SELL	0.05351173	0.05023522	32.76510000000003	2017-04-03 01:40:00+00:00
2017-04-03 01:20:00+00:00	SELL	0.053	0.05023522	27.64780000000001	2017-04-03 01:40:00+00:00
2017-04-03 02:30:00+00:00	SELL	0.04926666	0.04778999	14.766699999999993	2017-04-03 02:50:00+00:00
2017-04-03 05:15:00+00:00	SELL	0.046	0.0435	25.00000000000002	2017-04-03 05:55:00+00:00
2017-04-03 08:15:00+00:00	SELL	0.04586948	0.04488499	9.844899999999976	2017-04-03 08:35:00+00:00
2017-04-03 08:50:00+00:00	SELL	0.04703612	0.0461	9.361199999999986	2017-04-03 09:05:00+00:00
2017-04-03 11:30:00+00:00	SELL	0.04635001	0.04440001	19.500000000000004	2017-04-03 12:05:00+00:00
2017-04-03 11:35:00+00:00	SELL	0.04637644	0.04440001	19.764300000000013	2017-04-03 12:05:00+00:00
2017-04-03 13:00:00+00:00	SELL	0.04200011	0.038	40.00110000000001	2017-04-03 13:40:00+00:00
2017-04-03 13:05:00+00:00	SELL	0.04155755	0.038	35.57549999999999	2017-04-03 13:40:00+00:00
2017-04-03 13:15:00+00:00	SELL	0.041	0.038	30.00000000000003	2017-04-03 13:40:00+00:00
2017-04-03 13:20:00+00:00	SELL	0.04038439	0.038	23.8439	2017-04-03 13:40:00+00:00
2017-04-03 14:05:00+00:00	SELL	0.03733671	0.035	23.367099999999986	2017-04-03 14:20:00+00:00
2017-04-03 18:30:00+00:00	SELL	0.03379997	0.03220001	15.999599999999974	2017-04-03 19:00:00+00:00
2017-04-03 18:35:00+00:00	SELL	0.03340029	0.03220001	12.00279999999998	2017-04-03 19:00:00+00:00
2017-04-03 18:45:00+00:00	SELL	0.03349999	0.03220001	12.999799999999992	2017-04-03 19:00:00+00:00
2017-04-03 19:05:00+00:00	SELL	0.03382686	0.02889971	49.27150000000002	2017-04-03 20:45:00+00:00
2017-04-03 20:35:00+00:00	SELL	0.03029982	0.02889971	14.00110000000003	2017-04-03 20:45:00+00:00
2017-04-03 21:05:00+00:00	SELL	0.03254299	0.034	-14.570100000000016	2017-04-03 22:30:00+00:00
2017-04-03 22:00:00+00:00	SELL	0.03294412	0.034	-10.558800000000021	2017-04-03 22:30:00+00:00
2017-04-03 22:05:00+00:00	SELL	0.03324983	0.034	-7.501700000000014	2017-04-03 22:30:00+00:00
2017-04-03 22:15:00+00:00	SELL	0.03390649	0.034	-0.9351000000000498	2017-04-03 22:30:00+00:00
2017-04-03 23:15:00+00:00	SELL	0.03439997	0.03300009	13.998799999999992	2017-04-03 23:30:00+00:00
2017-04-04 05:15:00+00:00	SELL	0.03752883	0.03615	13.788299999999975	2017-04-04 05:35:00+00:00
2017-04-04 06:00:00+00:00	SELL	0.0362949	0.03579899	4.959099999999952	2017-04-04 07:10:00+00:00
2017-04-04 06:30:00+00:00	SELL	0.03787974	0.03579899	20.807499999999994	2017-04-04 07:10:00+00:00
2017-04-04 09:30:00+00:00	SELL	0.03599	0.033	29.89999999999999	2017-04-04 10:20:00+00:00
2017-04-04 13:15:00+00:00	SELL	0.03580304	0.03520752	5.955200000000022	2017-04-04 13:25:00+00:00
2017-04-04 14:00:00+00:00	SELL	0.03700673	0.03602789	9.788400000000017	2017-04-04 15:10:00+00:00
2017-04-04 15:20:00+00:00	SELL	0.03720452	0.03721999	-0.15470000000003536	2017-04-04 16:15:00+00:00
2017-04-04 16:30:00+00:00	SELL	0.03899996	0.03620001	27.999500000000022	2017-04-04 17:15:00+00:00
2017-04-04 16:45:00+00:00	SELL	0.03862891	0.03620001	24.289000000000048	2017-04-04 17:15:00+00:00
2017-04-04 16:50:00+00:00	SELL	0.03867004	0.03620001	24.70030000000005	2017-04-04 17:15:00+00:00
2017-04-05 00:20:00+00:00	SELL	0.04	0.03935173	6.482699999999994	2017-04-05 00:35:00+00:00
2017-04-05 00:45:00+00:00	SELL	0.03972658	0.03849998	12.265999999999943	2017-04-05 02:05:00+00:00
2017-04-05 05:45:00+00:00	SELL	0.03710001	0.03682259	2.7742000000000044	2017-04-05 06:45:00+00:00
2017-04-05 05:50:00+00:00	SELL	0.03710674	0.03682259	2.841499999999969	2017-04-05 06:45:00+00:00
2017-04-05 10:15:00+00:00	SELL	0.03876166	0.03722993	15.317300000000019	2017-04-05 10:50:00+00:00
2017-04-05 13:00:00+00:00	SELL	0.03745295	0.03689988	5.530699999999958	2017-04-05 15:55:00+00:00
2017-04-05 13:05:00+00:00	SELL	0.03738293	0.03689988	4.830499999999987	2017-04-05 15:55:00+00:00
2017-04-05 13:15:00+00:00	SELL	0.03724772	0.03689988	3.478399999999951	2017-04-05 15:55:00+00:00
2017-04-05 18:15:00+00:00	SELL	0.03609886	0.03573924	3.5962000000000494	2017-04-05 18:30:00+00:00
2017-04-05 18:20:00+00:00	SELL	0.03649506	0.03573924	7.558200000000043	2017-04-05 18:30:00+00:00
2017-04-05 19:30:00+00:00	SELL	0.03736985	0.0367089	6.609500000000004	2017-04-05 20:00:00+00:00
2017-04-06 01:30:00+00:00	SELL	0.03560123	0.03487339	7.278400000000004	2017-04-06 01:50:00+00:00
2017-04-06 06:00:00+00:00	SELL	0.03263674	0.031	16.367399999999975	2017-04-06 06:20:00+00:00
2017-04-06 10:20:00+00:00	SELL	0.03249238	0.03236001	1.323699999999997	2017-04-06 11:35:00+00:00
2017-04-06 12:35:00+00:00	SELL	0.0327685	0.03219205	5.764499999999992	2017-04-06 13:10:00+00:00
2017-04-06 17:00:00+00:00	SELL	0.03154967	0.03099999	5.496800000000003	2017-04-06 17:15:00+00:00
2017-04-06 17:05:00+00:00	SELL	0.03124249	0.03099999	2.4249999999999967	2017-04-06 17:15:00+00:00
2017-04-06 17:45:00+00:00	SELL	0.03419947	0.03269133	15.08140000000005	2017-04-06 18:45:00+00:00
2017-04-06 20:05:00+00:00	SELL	0.03249941	0.03199998	4.994300000000021	2017-04-06 20:40:00+00:00
2017-04-06 20:20:00+00:00	SELL	0.0325	0.03199998	5.000200000000038	2017-04-06 20:40:00+00:00
2017-04-06 20:30:00+00:00	SELL	0.0326369	0.03199998	6.369200000000061	2017-04-06 20:40:00+00:00
2017-04-06 21:45:00+00:00	SELL	0.03182853	0.03160245	2.2608000000000352	2017-04-06 23:15:00+00:00
2017-04-07 02:15:00+00:00	SELL	0.03229971	0.03198001	3.1969999999999916	2017-04-07 02:35:00+00:00
2017-04-07 04:35:00+00:00	SELL	0.03206751	0.03160403	4.6348000000000225	2017-04-07 04:45:00+00:00
2017-04-07 09:50:00+00:00	SELL	0.03850001	0.03739997	11.000400000000035	2017-04-07 10:20:00+00:00
2017-04-07 09:55:00+00:00	SELL	0.03800003	0.03739997	6.000599999999995	2017-04-07 10:20:00+00:00
2017-04-07 19:05:00+00:00	SELL	0.03747786	0.03630962	11.68240000000001	2017-04-07 20:15:00+00:00
2017-04-07 19:15:00+00:00	SELL	0.0371224	0.03630962	8.12779999999999	2017-04-07 20:15:00+00:00
2017-04-07 19:45:00+00:00	SELL	0.03709935	0.03630962	7.8973000000000235	2017-04-07 20:15:00+00:00
2017-04-07 21:15:00+00:00	SELL	0.03664083	0.03640661	2.3422000000000027	2017-04-07 21:55:00+00:00
2017-04-07 22:45:00+00:00	SELL	0.037	0.03609999	9.000099999999996	2017-04-07 23:15:00+00:00
2017-04-07 22:50:00+00:00	SELL	0.03681399	0.03609999	7.1399999999999935	2017-04-07 23:15:00+00:00
2017-04-08 02:35:00+00:00	SELL	0.03607722	0.03576569	3.1152999999999738	2017-04-08 03:25:00+00:00
2017-04-08 07:15:00+00:00	SELL	0.03718075	0.036729	4.517500000000007	2017-04-08 07:40:00+00:00
2017-04-08 10:30:00+00:00	SELL	0.0367	0.03600004	6.999600000000064	2017-04-08 10:50:00+00:00
2017-04-08 10:35:00+00:00	SELL	0.03669997	0.03600004	6.999300000000014	2017-04-08 10:50:00+00:00
2017-04-08 20:05:00+00:00	SELL	0.03496493	0.03500002	-0.3509000000000151	2017-04-08 22:50:00+00:00
2017-04-08 20:20:00+00:00	SELL	0.03505294	0.03500002	0.5291999999999797	2017-04-08 22:50:00+00:00
2017-04-08 21:35:00+00:00	SELL	0.03464984	0.03500002	-3.5017999999999856	2017-04-08 22:50:00+00:00
2017-04-08 22:35:00+00:00	SELL	0.03519816	0.03500002	1.9813999999999943	2017-04-08 22:50:00+00:00
2017-04-09 01:15:00+00:00	SELL	0.035499	0.03525001	2.489900000000045	2017-04-09 01:55:00+00:00
2017-04-09 01:20:00+00:00	SELL	0.03548999	0.03525001	2.3998000000000075	2017-04-09 01:55:00+00:00
2017-04-09 07:45:00+00:00	SELL	0.03489977	0.03398396	9.15809999999996	2017-04-09 08:25:00+00:00
2017-04-09 07:50:00+00:00	SELL	0.03489794	0.03398396	9.139800000000017	2017-04-09 08:25:00+00:00
2017-04-09 12:30:00+00:00	SELL	0.0341994	0.03353323	6.661700000000007	2017-04-09 12:45:00+00:00
2017-04-09 22:05:00+00:00	SELL	0.03490863	0.03456057	3.480600000000042	2017-04-09 22:15:00+00:00
2017-04-09 22:35:00+00:00	SELL	0.03494895	0.03432752	6.214299999999992	2017-04-10 01:30:00+00:00
2017-04-09 23:00:00+00:00	SELL	0.03494899	0.03432752	6.21469999999999	2017-04-10 01:30:00+00:00
2017-04-10 05:30:00+00:00	SELL	0.034355	0.03434793	0.07069999999997911	2017-04-10 07:30:00+00:00
2017-04-10 05:35:00+00:00	SELL	0.03448273	0.03434793	1.3480000000000436	2017-04-10 07:30:00+00:00
2017-04-10 13:15:00+00:00	SELL	0.03556721	0.03500024	5.6697	2017-04-10 14:55:00+00:00
2017-04-10 14:15:00+00:00	SELL	0.035299	0.03500024	2.9875999999999516	2017-04-10 14:55:00+00:00
2017-04-11 19:00:00+00:00	SELL	0.03373375	0.03320065	5.331000000000016	2017-04-11 19:15:00+00:00
2017-04-11 22:05:00+00:00	SELL	0.03399	0.03391	0.7999999999999674	2017-04-11 23:15:00+00:00
2017-04-12 02:30:00+00:00	SELL	0.03379542	0.03336373	4.316899999999984	2017-04-12 04:05:00+00:00
2017-04-12 17:15:00+00:00	SELL	0.03547143	0.03483745	6.339799999999992	2017-04-12 18:25:00+00:00
2017-04-13 09:15:00+00:00	SELL	0.03508804	0.0348	2.8804000000000327	2017-04-13 10:20:00+00:00
2017-04-14 08:00:00+00:00	SELL	0.03499895	0.0348	1.989500000000033	2017-04-14 08:30:00+00:00
2017-04-14 18:15:00+00:00	SELL	0.03497999	0.03455209	4.279000000000019	2017-04-14 20:15:00+00:00
2017-04-15 08:50:00+00:00	SELL	0.03467999	0.03446689	2.1310000000000078	2017-04-15 10:10:00+00:00
2017-04-18 21:45:00+00:00	SELL	0.03433041	0.0337	6.304099999999979	2017-04-18 22:15:00+00:00
2017-04-18 21:50:00+00:00	SELL	0.03409937	0.0337	3.9936999999999614	2017-04-18 22:15:00+00:00
2017-04-19 18:05:00+00:00	SELL	0.03278366	0.03250189	2.8177000000000065	2017-04-19 18:15:00+00:00
2017-04-19 22:05:00+00:00	SELL	0.03099948	0.03050306	4.964200000000009	2017-04-19 22:15:00+00:00
2017-04-20 00:45:00+00:00	SELL	0.03164114	0.03119237	4.487699999999976	2017-04-20 01:20:00+00:00
2017-04-20 00:50:00+00:00	SELL	0.03159025	0.03119237	3.9787999999999974	2017-04-20 01:20:00+00:00
2017-04-20 02:00:00+00:00	SELL	0.0312027	0.0309991	2.0359999999999823	2017-04-20 03:35:00+00:00
2017-04-20 02:05:00+00:00	SELL	0.03112993	0.0309991	1.3082999999999845	2017-04-20 03:35:00+00:00
2017-04-20 04:00:00+00:00	SELL	0.03105978	0.0306	4.597799999999999	2017-04-20 04:15:00+00:00
2017-04-20 08:45:00+00:00	SELL	0.03069355	0.0296287	10.648499999999991	2017-04-20 10:50:00+00:00
2017-04-20 08:50:00+00:00	SELL	0.03059999	0.0296287	9.712899999999996	2017-04-20 10:50:00+00:00
2017-04-20 09:45:00+00:00	SELL	0.0304	0.0296287	7.71299999999999	2017-04-20 10:50:00+00:00
2017-04-20 11:30:00+00:00	SELL	0.03019947	0.02999157	2.0790000000000046	2017-04-20 12:50:00+00:00
2017-04-20 11:35:00+00:00	SELL	0.03028999	0.02999157	2.984200000000006	2017-04-20 12:50:00+00:00
2017-04-20 13:50:00+00:00	SELL	0.03074992	0.03052229	2.276299999999995	2017-04-20 14:15:00+00:00
2017-04-20 17:30:00+00:00	SELL	0.03208326	0.03178981	2.9345000000000065	2017-04-20 17:40:00+00:00
2017-04-21 02:20:00+00:00	SELL	0.0328	0.0318132	9.868000000000029	2017-04-21 04:30:00+00:00
2017-04-21 03:05:00+00:00	SELL	0.03209995	0.0318132	2.867500000000023	2017-04-21 04:30:00+00:00
2017-04-21 11:15:00+00:00	SELL	0.03672999	0.03531	14.19989999999996	2017-04-21 11:50:00+00:00
2017-04-21 11:35:00+00:00	SELL	0.03635598	0.03531	10.459800000000019	2017-04-21 11:50:00+00:00
2017-04-21 12:15:00+00:00	SELL	0.0359	0.03542808	4.719200000000007	2017-04-21 12:30:00+00:00
2017-04-21 13:45:00+00:00	SELL	0.03579996	0.03515993	6.400299999999998	2017-04-21 14:20:00+00:00
2017-04-21 13:50:00+00:00	SELL	0.0357	0.03515993	5.400700000000036	2017-04-21 14:20:00+00:00
2017-04-21 17:05:00+00:00	SELL	0.03599989	0.03573137	2.6852000000000125	2017-04-21 17:35:00+00:00
2017-04-21 18:50:00+00:00	SELL	0.03562564	0.0354919	1.3374000000000024	2017-04-21 19:40:00+00:00
2017-04-21 23:50:00+00:00	SELL	0.03529609	0.03519992	0.9616999999999959	2017-04-22 00:25:00+00:00
2017-04-22 05:30:00+00:00	SELL	0.03499539	0.03460001	3.9538000000000073	2017-04-22 06:00:00+00:00
2017-04-22 12:15:00+00:00	SELL	0.03443962	0.034	4.396199999999947	2017-04-22 12:40:00+00:00
2017-04-23 01:50:00+00:00	SELL	0.03460176	0.03451384	0.8792000000000522	2017-04-23 02:05:00+00:00
2017-04-23 08:20:00+00:00	SELL	0.03446272	0.0342	2.62720000000001	2017-04-23 08:45:00+00:00
2017-04-25 00:30:00+00:00	SELL	0.03599969	0.03549992	4.997700000000036	2017-04-25 00:50:00+00:00
2017-04-25 00:35:00+00:00	SELL	0.03599969	0.03549992	4.997700000000036	2017-04-25 00:50:00+00:00
2017-04-25 03:15:00+00:00	SELL	0.0359545	0.0357	2.5449999999999777	2017-04-25 03:50:00+00:00
2017-04-25 07:50:00+00:00	SELL	0.03593	0.03551241	4.175899999999954	2017-04-25 08:25:00+00:00
2017-04-27 18:15:00+00:00	SELL	0.03864723	0.03796181	6.854199999999991	2017-04-27 18:35:00+00:00
2017-04-27 18:20:00+00:00	SELL	0.03864946	0.03796181	6.87649999999998	2017-04-27 18:35:00+00:00
2017-04-28 02:30:00+00:00	SELL	0.04229468	0.04149628	7.983999999999977	2017-04-28 02:50:00+00:00
2017-04-28 05:50:00+00:00	SELL	0.04485	0.04298798	18.62019999999999	2017-04-28 06:25:00+00:00
2017-04-28 08:45:00+00:00	SELL	0.0447	0.04570049	-10.004900000000067	2017-04-28 10:20:00+00:00
2017-04-28 09:20:00+00:00	SELL	0.04550152	0.04570049	-1.9897000000000664	2017-04-28 10:20:00+00:00
2017-04-28 09:45:00+00:00	SELL	0.047	0.04570049	12.995099999999967	2017-04-28 10:20:00+00:00
2017-04-28 09:50:00+00:00	SELL	0.04691248	0.04570049	12.119899999999962	2017-04-28 10:20:00+00:00
2017-04-28 12:45:00+00:00	SELL	0.04645	0.04537187	10.781299999999966	2017-04-28 14:25:00+00:00
2017-04-28 12:50:00+00:00	SELL	0.0463	0.04537187	9.281299999999993	2017-04-28 14:25:00+00:00
2017-04-28 13:30:00+00:00	SELL	0.04692729	0.04537187	15.554200000000018	2017-04-28 14:25:00+00:00
2017-04-28 15:50:00+00:00	SELL	0.04545	0.04559999	-1.4999000000000262	2017-04-28 16:15:00+00:00
2017-04-28 17:05:00+00:00	SELL	0.0460869	0.04670002	-6.1312000000000175	2017-04-28 17:55:00+00:00
2017-04-28 20:00:00+00:00	SELL	0.04904	0.049	0.3999999999999837	2017-04-28 20:15:00+00:00
2017-04-28 20:05:00+00:00	SELL	0.04906968	0.049	0.6967999999999558	2017-04-28 20:15:00+00:00
2017-04-28 21:15:00+00:00	SELL	0.05270012	0.05166906	10.310600000000003	2017-04-28 21:25:00+00:00
2017-04-29 01:35:00+00:00	SELL	0.06245868	0.0552	72.58680000000004	2017-04-29 03:00:00+00:00
2017-04-29 01:50:00+00:00	SELL	0.06195555	0.0552	67.5555	2017-04-29 03:00:00+00:00
2017-04-29 01:55:00+00:00	SELL	0.06130766	0.0552	61.07660000000001	2017-04-29 03:00:00+00:00
2017-04-29 03:15:00+00:00	SELL	0.05747125	0.05624037	12.308800000000037	2017-04-29 04:30:00+00:00
2017-04-29 03:20:00+00:00	SELL	0.0574765	0.05624037	12.36130000000002	2017-04-29 04:30:00+00:00
2017-04-29 06:15:00+00:00	SELL	0.05414641	0.0532989	8.475099999999959	2017-04-29 06:40:00+00:00
2017-04-29 12:30:00+00:00	SELL	0.05768995	0.05712939	5.605599999999947	2017-04-29 13:00:00+00:00
2017-04-29 14:05:00+00:00	SELL	0.05782631	0.05761926	2.0705000000000027	2017-04-29 14:15:00+00:00
2017-04-29 14:45:00+00:00	SELL	0.05957489	0.05884	7.34889999999995	2017-04-29 15:20:00+00:00
2017-04-29 14:50:00+00:00	SELL	0.0604877	0.05884	16.47699999999995	2017-04-29 15:20:00+00:00
2017-04-29 15:05:00+00:00	SELL	0.05996739	0.05884	11.273899999999989	2017-04-29 15:20:00+00:00
2017-04-29 18:45:00+00:00	SELL	0.05853565	0.057	15.356499999999995	2017-04-29 18:55:00+00:00
2017-04-29 19:15:00+00:00	SELL	0.06	0.05689423	31.05770000000001	2017-04-29 19:50:00+00:00
2017-04-29 21:00:00+00:00	SELL	0.05850001	0.05731707	11.829400000000003	2017-04-29 23:00:00+00:00
2017-04-29 21:05:00+00:00	SELL	0.05847877	0.05731707	11.617000000000017	2017-04-29 23:00:00+00:00
2017-04-29 22:15:00+00:00	SELL	0.05861	0.05731707	12.929300000000046	2017-04-29 23:00:00+00:00
2017-04-29 22:20:00+00:00	SELL	0.05850001	0.05731707	11.829400000000003	2017-04-29 23:00:00+00:00
2017-04-29 22:30:00+00:00	SELL	0.0584998	0.05731707	11.8273	2017-04-29 23:00:00+00:00
2017-04-29 22:35:00+00:00	SELL	0.05849925	0.05731707	11.82180000000005	2017-04-29 23:00:00+00:00
2017-04-30 05:05:00+00:00	SELL	0.0542891	0.05480006	-5.109599999999978	2017-04-30 06:15:00+00:00
2017-04-30 05:35:00+00:00	SELL	0.05534991	0.05480006	5.498500000000045	2017-04-30 06:15:00+00:00
2017-04-30 11:30:00+00:00	SELL	0.05649982	0.05570004	7.9978	2017-04-30 12:25:00+00:00
2017-04-30 12:00:00+00:00	SELL	0.05633086	0.05570004	6.308200000000042	2017-04-30 12:25:00+00:00
2017-04-30 18:00:00+00:00	SELL	0.05556007	0.05500001	5.600600000000011	2017-04-30 18:15:00+00:00
2017-04-30 22:05:00+00:00	SELL	0.05798996	0.058	-0.10040000000002824	2017-04-30 23:00:00+00:00
2017-04-30 22:35:00+00:00	SELL	0.05769996	0.058	-3.000400000000014	2017-04-30 23:00:00+00:00
2017-05-01 00:45:00+00:00	SELL	0.06150004	0.06100001	5.000299999999985	2017-05-01 01:25:00+00:00
2017-05-01 06:05:00+00:00	SELL	0.06079986	0.06000021	7.9964999999999895	2017-05-01 06:35:00+00:00
2017-05-01 09:15:00+00:00	SELL	0.06	0.05838411	16.15889999999995	2017-05-01 10:20:00+00:00
2017-05-01 09:20:00+00:00	SELL	0.06030034	0.05838411	19.16229999999998	2017-05-01 10:20:00+00:00
2017-05-01 11:45:00+00:00	SELL	0.05776649	0.05581209	19.54399999999995	2017-05-01 12:10:00+00:00
2017-05-01 11:50:00+00:00	SELL	0.0574	0.05581209	15.87909999999998	2017-05-01 12:10:00+00:00
2017-05-01 12:15:00+00:00	SELL	0.057055	0.05554	15.150000000000025	2017-05-01 12:30:00+00:00
2017-05-01 13:45:00+00:00	SELL	0.058	0.057	10.000000000000009	2017-05-01 14:30:00+00:00
2017-05-01 18:00:00+00:00	SELL	0.05894503	0.05889999	0.45040000000003133	2017-05-01 18:30:00+00:00
2017-05-01 23:30:00+00:00	SELL	0.059026	0.05866302	3.629799999999989	2017-05-02 00:35:00+00:00
2017-05-02 02:20:00+00:00	SELL	0.05873	0.05821242	5.175799999999967	2017-05-02 02:40:00+00:00
2017-05-02 13:50:00+00:00	SELL	0.05926339	0.058325	9.383899999999972	2017-05-02 15:05:00+00:00
2017-05-02 14:20:00+00:00	SELL	0.05890446	0.058325	5.794599999999969	2017-05-02 15:05:00+00:00
2017-05-02 15:50:00+00:00	SELL	0.05841178	0.05779966	6.121200000000007	2017-05-02 16:10:00+00:00
2017-05-02 16:15:00+00:00	SELL	0.05794343	0.05755571	3.8771999999999416	2017-05-02 16:30:00+00:00
2017-05-02 16:20:00+00:00	SELL	0.058001	0.05755571	4.45289999999994	2017-05-02 16:30:00+00:00
2017-05-03 01:30:00+00:00	SELL	0.05830405	0.05801225	2.918000000000018	2017-05-03 01:50:00+00:00
2017-05-03 01:35:00+00:00	SELL	0.0583	0.05801225	2.8774999999999635	2017-05-03 01:50:00+00:00
2017-05-03 04:45:00+00:00	SELL	0.0592232	0.05891781	3.0538999999999565	2017-05-03 05:35:00+00:00
2017-05-03 04:50:00+00:00	SELL	0.059502	0.05891781	5.841899999999983	2017-05-03 05:35:00+00:00
2017-05-03 07:35:00+00:00	SELL	0.0595498	0.05921352	3.362800000000013	2017-05-03 07:45:00+00:00
2017-05-03 08:15:00+00:00	SELL	0.05986739	0.05931869	5.486999999999992	2017-05-03 08:35:00+00:00
2017-05-03 08:20:00+00:00	SELL	0.05982327	0.05931869	5.045799999999975	2017-05-03 08:35:00+00:00
2017-05-03 09:30:00+00:00	SELL	0.0616	0.06103949	5.605100000000002	2017-05-03 11:00:00+00:00
2017-05-03 09:35:00+00:00	SELL	0.06241486	0.06103949	13.753700000000007	2017-05-03 11:00:00+00:00
2017-05-03 09:45:00+00:00	SELL	0.06132868	0.06103949	2.8919000000000166	2017-05-03 11:00:00+00:00
2017-05-03 09:50:00+00:00	SELL	0.06126741	0.06103949	2.279199999999995	2017-05-03 11:00:00+00:00
2017-05-03 10:00:00+00:00	SELL	0.061252	0.06103949	2.125099999999991	2017-05-03 11:00:00+00:00
2017-05-03 15:35:00+00:00	SELL	0.06297778	0.0630777	-0.9992000000000334	2017-05-03 16:10:00+00:00
2017-05-03 15:50:00+00:00	SELL	0.063953	0.0630777	8.752999999999956	2017-05-03 16:10:00+00:00
2017-05-03 19:00:00+00:00	SELL	0.06697856	0.06560047	13.780900000000123	2017-05-03 19:30:00+00:00
2017-05-04 01:00:00+00:00	SELL	0.06916826	0.06999005	-8.217900000000029	2017-05-04 02:00:00+00:00
2017-05-04 02:30:00+00:00	SELL	0.07051923	0.0693	12.192300000000017	2017-05-04 03:00:00+00:00
2017-05-04 02:35:00+00:00	SELL	0.07052629	0.0693	12.262900000000048	2017-05-04 03:00:00+00:00
2017-05-04 02:50:00+00:00	SELL	0.06999572	0.0693	6.957199999999969	2017-05-04 03:00:00+00:00
2017-05-04 06:35:00+00:00	SELL	0.0751	0.07477999	3.2000999999999555	2017-05-04 07:30:00+00:00
2017-05-04 08:00:00+00:00	SELL	0.0775	0.07768651	-1.8651000000000084	2017-05-04 08:15:00+00:00
2017-05-04 08:05:00+00:00	SELL	0.0774	0.07768651	-2.8651000000000373	2017-05-04 08:15:00+00:00
2017-05-04 08:30:00+00:00	SELL	0.0790599	0.07860018	4.597199999999968	2017-05-04 08:45:00+00:00
2017-05-04 08:35:00+00:00	SELL	0.07899992	0.07860018	3.9973999999999563	2017-05-04 08:45:00+00:00
2017-05-04 08:40:00+00:00	SELL	0.0786	0.07860018	-0.0018000000000240046	2017-05-04 08:45:00+00:00
2017-05-04 09:30:00+00:00	SELL	0.0797403	0.078	17.403000000000002	2017-05-04 10:45:00+00:00
2017-05-04 12:30:00+00:00	SELL	0.083	0.087783	-47.829999999999956	2017-05-04 13:15:00+00:00
2017-05-04 14:15:00+00:00	SELL	0.08653366	0.08004	64.93659999999998	2017-05-04 15:00:00+00:00
2017-05-04 17:15:00+00:00	SELL	0.08087099	0.07999998	8.710100000000054	2017-05-04 17:50:00+00:00
2017-05-04 17:20:00+00:00	SELL	0.08139609	0.07999998	13.961100000000059	2017-05-04 17:50:00+00:00
2017-05-04 17:30:00+00:00	SELL	0.08191621	0.07999998	19.162300000000048	2017-05-04 17:50:00+00:00
2017-05-04 18:05:00+00:00	SELL	0.08243756	0.08199999	4.375699999999982	2017-05-04 18:15:00+00:00
2017-05-04 18:30:00+00:00	SELL	0.08372308	0.08299998	7.2310000000000425	2017-05-04 19:50:00+00:00
2017-05-04 18:35:00+00:00	SELL	0.084888	0.08299998	18.88020000000004	2017-05-04 19:50:00+00:00
2017-05-04 19:30:00+00:00	SELL	0.08437879	0.08299998	13.788099999999941	2017-05-04 19:50:00+00:00
2017-05-04 22:45:00+00:00	SELL	0.09400001	0.09091761	30.82399999999999	2017-05-04 23:20:00+00:00
2017-05-05 02:00:00+00:00	SELL	0.09269601	0.09070016	19.958499999999933	2017-05-05 02:30:00+00:00
2017-05-05 04:00:00+00:00	SELL	0.09568222	0.09603901	-3.567899999999957	2017-05-05 04:15:00+00:00
2017-05-05 04:05:00+00:00	SELL	0.096	0.09603901	-0.39009999999992107	2017-05-05 04:15:00+00:00
2017-05-05 05:35:00+00:00	SELL	0.0977096	0.0969	8.095999999999936	2017-05-05 05:50:00+00:00
2017-05-05 06:00:00+00:00	SELL	0.09858905	0.0994	-8.109500000000047	2017-05-05 06:15:00+00:00
2017-05-05 06:05:00+00:00	SELL	0.10099988	0.0994	15.99879999999998	2017-05-05 06:15:00+00:00
2017-05-05 09:10:00+00:00	SELL	0.10299997	0.10346224	-4.622700000000007	2017-05-05 09:30:00+00:00
2017-05-05 09:15:00+00:00	SELL	0.104	0.10346224	5.377599999999982	2017-05-05 09:30:00+00:00
2017-05-05 09:20:00+00:00	SELL	0.104973	0.10346224	15.107599999999998	2017-05-05 09:30:00+00:00
2017-05-05 09:45:00+00:00	SELL	0.104659	0.10434554	3.134600000000015	2017-05-05 10:00:00+00:00
2017-05-05 10:15:00+00:00	SELL	0.10698648	0.1045	24.864799999999992	2017-05-05 10:45:00+00:00
2017-05-05 10:20:00+00:00	SELL	0.10697582	0.1045	24.758200000000034	2017-05-05 10:45:00+00:00
2017-05-05 10:30:00+00:00	SELL	0.1045	0.1045	0.0	2017-05-05 10:45:00+00:00
2017-05-05 10:35:00+00:00	SELL	0.10507425	0.1045	5.742499999999984	2017-05-05 10:45:00+00:00
2017-05-05 14:20:00+00:00	SELL	0.09811092	0.096617	14.939200000000097	2017-05-05 14:35:00+00:00
2017-05-05 15:15:00+00:00	SELL	0.09466367	0.08799993	66.63740000000001	2017-05-05 16:05:00+00:00
2017-05-05 16:20:00+00:00	SELL	0.093016	0.090721	22.950000000000053	2017-05-05 16:50:00+00:00
2017-05-05 19:50:00+00:00	SELL	0.099	0.0993	-2.999999999999947	2017-05-05 20:00:00+00:00
2017-05-05 21:35:00+00:00	SELL	0.104344	0.105921	-15.76999999999995	2017-05-05 22:05:00+00:00
2017-05-05 22:15:00+00:00	SELL	0.107198	0.105921	12.770000000000003	2017-05-05 22:25:00+00:00
2017-05-05 22:30:00+00:00	SELL	0.10719701	0.103206	39.91009999999989	2017-05-05 23:00:00+00:00
2017-05-05 23:05:00+00:00	SELL	0.10460296	0.10048498	41.179799999999936	2017-05-06 00:25:00+00:00
2017-05-05 23:45:00+00:00	SELL	0.1045	0.10048498	40.15019999999994	2017-05-06 00:25:00+00:00
2017-05-05 23:50:00+00:00	SELL	0.104344	0.10048498	38.590200000000046	2017-05-06 00:25:00+00:00
2017-05-06 01:15:00+00:00	SELL	0.10324971	0.102279	9.707099999999997	2017-05-06 01:25:00+00:00
2017-05-06 02:45:00+00:00	SELL	0.10005498	0.0980744	19.805799999999955	2017-05-06 03:05:00+00:00
2017-05-06 02:50:00+00:00	SELL	0.09908	0.0980744	10.055999999999955	2017-05-06 03:05:00+00:00
2017-05-06 04:15:00+00:00	SELL	0.1	0.10037865	-3.7864999999999425	2017-05-06 04:45:00+00:00
2017-05-06 04:35:00+00:00	SELL	0.1003509	0.10037865	-0.2774999999999306	2017-05-06 04:45:00+00:00
2017-05-06 05:10:00+00:00	SELL	0.10162228	0.100358	12.642799999999927	2017-05-06 05:40:00+00:00
2017-05-06 05:45:00+00:00	SELL	0.10145471	0.100557	8.9771000000001	2017-05-06 06:05:00+00:00
2017-05-06 06:30:00+00:00	SELL	0.10045601	0.09955699	8.990200000000003	2017-05-06 08:00:00+00:00
2017-05-06 06:35:00+00:00	SELL	0.1002	0.09955699	6.430099999999994	2017-05-06 08:00:00+00:00
2017-05-06 09:30:00+00:00	SELL	0.10033407	0.09885603	14.780399999999998	2017-05-06 09:55:00+00:00
2017-05-06 09:35:00+00:00	SELL	0.1004702	0.09885603	16.141699999999982	2017-05-06 09:55:00+00:00
2017-05-06 09:45:00+00:00	SELL	0.09955699	0.09885603	7.009600000000004	2017-05-06 09:55:00+00:00
2017-05-06 12:20:00+00:00	SELL	0.10217972	0.10128985	8.898700000000009	2017-05-06 12:45:00+00:00
2017-05-06 13:00:00+00:00	SELL	0.10253004	0.10079998	17.300600000000056	2017-05-06 13:40:00+00:00
2017-05-06 13:15:00+00:00	SELL	0.102279	0.10079998	14.790199999999976	2017-05-06 13:40:00+00:00
2017-05-06 13:20:00+00:00	SELL	0.10244999	0.10079998	16.500100000000074	2017-05-06 13:40:00+00:00
2017-05-06 13:45:00+00:00	SELL	0.10177	0.101974	-2.0399999999999583	2017-05-06 14:40:00+00:00
2017-05-06 13:50:00+00:00	SELL	0.101704	0.101974	-2.6999999999999247	2017-05-06 14:40:00+00:00
2017-05-06 16:15:00+00:00	SELL	0.1016	0.10059999	10.000099999999957	2017-05-06 16:50:00+00:00
2017-05-06 17:45:00+00:00	SELL	0.10293742	0.102895	0.42420000000001346	2017-05-06 18:00:00+00:00
2017-05-06 18:50:00+00:00	SELL	0.104136	0.10269	14.46000000000003	2017-05-06 19:35:00+00:00
2017-05-06 19:00:00+00:00	SELL	0.103721	0.10269	10.309999999999903	2017-05-06 19:35:00+00:00
2017-05-06 19:45:00+00:00	SELL	0.103514	0.102998	5.1599999999998865	2017-05-06 20:40:00+00:00
2017-05-06 21:30:00+00:00	SELL	0.10227899	0.100497	17.819899999999972	2017-05-06 21:50:00+00:00
2017-05-06 22:00:00+00:00	SELL	0.10221652	0.1013973	8.192200000000094	2017-05-06 22:15:00+00:00
2017-05-06 22:05:00+00:00	SELL	0.101265	0.1013973	-1.3230000000000186	2017-05-06 22:15:00+00:00
2017-05-07 01:35:00+00:00	SELL	0.10742892	0.10594499	14.839299999999945	2017-05-07 02:40:00+00:00
2017-05-07 03:15:00+00:00	SELL	0.12100012	0.11660543	43.94690000000006	2017-05-07 03:35:00+00:00
2017-05-07 03:20:00+00:00	SELL	0.11959247	0.11660543	29.870400000000103	2017-05-07 03:35:00+00:00
2017-05-07 06:35:00+00:00	SELL	0.1353385	0.13195919	33.79309999999997	2017-05-07 07:00:00+00:00
2017-05-07 07:50:00+00:00	SELL	0.136001	0.13520001	8.009900000000014	2017-05-07 08:20:00+00:00
2017-05-07 08:45:00+00:00	SELL	0.13425353	0.131922	23.315299999999983	2017-05-07 09:00:00+00:00
2017-05-07 08:50:00+00:00	SELL	0.13309988	0.131922	11.778799999999922	2017-05-07 09:00:00+00:00
2017-05-07 09:15:00+00:00	SELL	0.13378934	0.13023826	35.51080000000012	2017-05-07 09:40:00+00:00
2017-05-07 10:15:00+00:00	SELL	0.12999998	0.12699999	29.9998999999998	2017-05-07 10:30:00+00:00
2017-05-07 10:50:00+00:00	SELL	0.1336	0.13028483	33.15170000000006	2017-05-07 11:15:00+00:00
2017-05-07 11:00:00+00:00	SELL	0.13111675	0.13028483	8.319200000000137	2017-05-07 11:15:00+00:00
2017-05-07 13:15:00+00:00	SELL	0.13498268	0.133	19.826799999999867	2017-05-07 13:45:00+00:00
2017-05-07 13:20:00+00:00	SELL	0.13498231	0.133	19.823099999999872	2017-05-07 13:45:00+00:00
2017-05-07 13:30:00+00:00	SELL	0.1337089	0.133	7.088999999999846	2017-05-07 13:45:00+00:00
2017-05-07 13:35:00+00:00	SELL	0.13390906	0.133	9.090599999999894	2017-05-07 13:45:00+00:00
2017-05-07 15:00:00+00:00	SELL	0.1525	0.15053009	19.699099999999913	2017-05-07 16:10:00+00:00
2017-05-07 15:10:00+00:00	SELL	0.15076405	0.15053009	2.3396000000000527	2017-05-07 16:10:00+00:00
2017-05-07 15:45:00+00:00	SELL	0.15289189	0.15053009	23.617999999999974	2017-05-07 16:10:00+00:00
2017-05-07 18:15:00+00:00	SELL	0.143	0.1364454	65.54599999999994	2017-05-07 18:35:00+00:00
2017-05-07 19:20:00+00:00	SELL	0.1455	0.1465999	-10.999000000000148	2017-05-07 19:45:00+00:00
2017-05-07 20:20:00+00:00	SELL	0.1456363	0.146	-3.636999999999946	2017-05-07 20:30:00+00:00
2017-05-07 22:20:00+00:00	SELL	0.15709996	0.15918331	-20.833499999999837	2017-05-07 22:30:00+00:00
2017-05-07 22:45:00+00:00	SELL	0.175	0.18140162	-64.01620000000024	2017-05-07 23:50:00+00:00
2017-05-07 23:00:00+00:00	SELL	0.17399994	0.18140162	-74.01680000000022	2017-05-07 23:50:00+00:00
2017-05-07 23:05:00+00:00	SELL	0.175	0.18140162	-64.01620000000024	2017-05-07 23:50:00+00:00
2017-05-07 23:10:00+00:00	SELL	0.17302196	0.18140162	-83.79660000000011	2017-05-07 23:50:00+00:00
2017-05-08 00:45:00+00:00	SELL	0.19699999	0.18479999	122.00000000000016	2017-05-08 01:30:00+00:00
2017-05-08 01:00:00+00:00	SELL	0.19002507	0.18479999	52.25079999999993	2017-05-08 01:30:00+00:00
2017-05-08 01:05:00+00:00	SELL	0.18383841	0.18479999	-9.615799999999897	2017-05-08 01:30:00+00:00
2017-05-08 03:00:00+00:00	SELL	0.18859997	0.1819	66.99969999999999	2017-05-08 03:25:00+00:00
2017-05-08 03:05:00+00:00	SELL	0.18859	0.1819	66.90000000000002	2017-05-08 03:25:00+00:00
2017-05-08 05:30:00+00:00	SELL	0.19879992	0.195	37.999199999999846	2017-05-08 05:45:00+00:00
2017-05-08 06:15:00+00:00	SELL	0.20693173	0.20634548	5.862500000000104	2017-05-08 06:30:00+00:00
2017-05-08 06:45:00+00:00	SELL	0.21499999	0.20874996	62.500299999999896	2017-05-08 07:10:00+00:00
2017-05-08 06:50:00+00:00	SELL	0.2149448	0.20874996	61.94839999999979	2017-05-08 07:10:00+00:00
2017-05-08 06:55:00+00:00	SELL	0.21446272	0.20874996	57.12759999999983	2017-05-08 07:10:00+00:00
2017-05-08 07:45:00+00:00	SELL	0.21999997	0.222	-20.000300000000138	2017-05-08 08:00:00+00:00
2017-05-08 09:45:00+00:00	SELL	0.24280771	0.21899995	238.07760000000007	2017-05-08 10:30:00+00:00
2017-05-08 09:50:00+00:00	SELL	0.24123313	0.21899995	222.3317999999999	2017-05-08 10:30:00+00:00
2017-05-08 09:55:00+00:00	SELL	0.2388346	0.21899995	198.3465000000001	2017-05-08 10:30:00+00:00
2017-05-08 10:45:00+00:00	SELL	0.22799995	0.2217641	62.35850000000015	2017-05-08 11:25:00+00:00
2017-05-08 11:00:00+00:00	SELL	0.23011109	0.2217641	83.46989999999998	2017-05-08 11:25:00+00:00
2017-05-08 11:05:00+00:00	SELL	0.22895849	0.2217641	71.94389999999996	2017-05-08 11:25:00+00:00
2017-05-08 12:00:00+00:00	SELL	0.22994307	0.22705947	28.835999999999864	2017-05-08 12:30:00+00:00
2017-05-08 12:05:00+00:00	SELL	0.229	0.22705947	19.405299999999958	2017-05-08 12:30:00+00:00
2017-05-08 12:15:00+00:00	SELL	0.227	0.22705947	-0.5947000000000591	2017-05-08 12:30:00+00:00
2017-05-08 12:20:00+00:00	SELL	0.22824239	0.22705947	11.829199999999762	2017-05-08 12:30:00+00:00
2017-05-08 15:45:00+00:00	SELL	0.198	0.17574227	222.57730000000004	2017-05-08 16:05:00+00:00
2017-05-08 15:50:00+00:00	SELL	0.184	0.17574227	82.57729999999991	2017-05-08 16:05:00+00:00
2017-05-08 15:55:00+00:00	SELL	0.175003	0.17574227	-7.392700000000141	2017-05-08 16:05:00+00:00
2017-05-08 17:10:00+00:00	SELL	0.1955	0.19290004	25.99960000000012	2017-05-08 17:25:00+00:00
2017-05-08 18:30:00+00:00	SELL	0.20155949	0.19640001	51.59479999999994	2017-05-08 18:55:00+00:00
2017-05-08 23:15:00+00:00	SELL	0.17999999	0.161	189.99989999999994	2017-05-09 00:25:00+00:00
2017-05-08 23:20:00+00:00	SELL	0.17989992	0.161	188.99919999999986	2017-05-09 00:25:00+00:00
2017-05-08 23:25:00+00:00	SELL	0.179	0.161	179.9999999999999	2017-05-09 00:25:00+00:00
2017-05-08 23:30:00+00:00	SELL	0.189	0.161	280.0	2017-05-09 00:25:00+00:00
2017-05-09 00:15:00+00:00	SELL	0.16599999	0.161	49.99989999999982	2017-05-09 00:25:00+00:00
2017-05-09 00:45:00+00:00	SELL	0.16999983	0.13248862	375.1120999999999	2017-05-09 02:50:00+00:00
2017-05-09 01:00:00+00:00	SELL	0.16797038	0.13248862	354.8176	2017-05-09 02:50:00+00:00
2017-05-09 01:15:00+00:00	SELL	0.17	0.13248862	375.1138000000001	2017-05-09 02:50:00+00:00
2017-05-09 01:30:00+00:00	SELL	0.16749981	0.13248862	350.1119	2017-05-09 02:50:00+00:00
2017-05-09 03:45:00+00:00	SELL	0.1759912	0.157	189.91199999999986	2017-05-09 04:30:00+00:00
2017-05-09 03:55:00+00:00	SELL	0.16949999	0.157	124.9998999999999	2017-05-09 04:30:00+00:00
2017-05-09 05:15:00+00:00	SELL	0.16738169	0.166	13.81689999999991	2017-05-09 05:30:00+00:00
2017-05-09 06:35:00+00:00	SELL	0.16799998	0.16899999	-10.000099999999957	2017-05-09 06:50:00+00:00
2017-05-09 07:05:00+00:00	SELL	0.17277988	0.17507009	-22.902100000000146	2017-05-09 07:20:00+00:00
2017-05-09 07:10:00+00:00	SELL	0.17294312	0.17507009	-21.269700000000057	2017-05-09 07:20:00+00:00
2017-05-09 08:30:00+00:00	SELL	0.185	0.1828	22.000000000000075	2017-05-09 08:55:00+00:00
2017-05-09 10:15:00+00:00	SELL	0.18449998	0.17455481	99.45170000000003	2017-05-09 10:40:00+00:00
2017-05-09 10:20:00+00:00	SELL	0.1843	0.17455481	97.45189999999987	2017-05-09 10:40:00+00:00
2017-05-09 12:00:00+00:00	SELL	0.168763	0.1677	10.630000000000084	2017-05-09 12:40:00+00:00
2017-05-09 12:05:00+00:00	SELL	0.1714	0.1677	37.000000000000085	2017-05-09 12:40:00+00:00
2017-05-09 13:20:00+00:00	SELL	0.164274	0.157358	69.16000000000005	2017-05-09 13:45:00+00:00
2017-05-09 13:30:00+00:00	SELL	0.161	0.157358	36.420000000000066	2017-05-09 13:45:00+00:00
2017-05-09 13:35:00+00:00	SELL	0.16100001	0.157358	36.42010000000001	2017-05-09 13:45:00+00:00
2017-05-09 14:00:00+00:00	SELL	0.165011	0.170032	-50.20999999999998	2017-05-09 14:30:00+00:00
2017-05-09 16:45:00+00:00	SELL	0.17291977	0.15824445	146.7531999999999	2017-05-09 19:10:00+00:00
2017-05-09 17:20:00+00:00	SELL	0.16899998	0.15824445	107.55529999999985	2017-05-09 19:10:00+00:00
2017-05-09 17:45:00+00:00	SELL	0.16984048	0.15824445	115.96029999999979	2017-05-09 19:10:00+00:00
2017-05-09 18:35:00+00:00	SELL	0.16404894	0.15824445	58.044899999999956	2017-05-09 19:10:00+00:00
2017-05-09 19:15:00+00:00	SELL	0.162149	0.160938	12.109999999999898	2017-05-09 19:30:00+00:00
2017-05-09 19:20:00+00:00	SELL	0.16404898	0.160938	31.10980000000013	2017-05-09 19:30:00+00:00
2017-05-09 20:45:00+00:00	SELL	0.194089	0.18300105	110.87950000000014	2017-05-09 20:55:00+00:00
2017-05-09 21:15:00+00:00	SELL	0.18883098	0.184269	45.61980000000021	2017-05-09 22:00:00+00:00
2017-05-09 21:20:00+00:00	SELL	0.188	0.184269	37.31000000000012	2017-05-09 22:00:00+00:00
2017-05-09 21:30:00+00:00	SELL	0.1856776	0.184269	14.086000000000098	2017-05-09 22:00:00+00:00
2017-05-09 21:35:00+00:00	SELL	0.18599996	0.184269	17.309600000000035	2017-05-09 22:00:00+00:00
2017-05-09 21:45:00+00:00	SELL	0.183715	0.184269	-5.539999999999989	2017-05-09 22:00:00+00:00
2017-05-09 21:50:00+00:00	SELL	0.18463398	0.184269	3.6498000000001474	2017-05-09 22:00:00+00:00
2017-05-09 22:30:00+00:00	SELL	0.19622076	0.19512402	10.967399999999849	2017-05-09 23:15:00+00:00
2017-05-10 01:30:00+00:00	SELL	0.1919026	0.1885774	33.252	2017-05-10 01:55:00+00:00
2017-05-10 01:35:00+00:00	SELL	0.19180926	0.1885774	32.31860000000003	2017-05-10 01:55:00+00:00
2017-05-10 01:45:00+00:00	SELL	0.19199995	0.1885774	34.22549999999996	2017-05-10 01:55:00+00:00
2017-05-10 02:15:00+00:00	SELL	0.19	0.1821163	78.83699999999993	2017-05-10 02:40:00+00:00
2017-05-10 02:20:00+00:00	SELL	0.188928	0.1821163	68.11700000000003	2017-05-10 02:40:00+00:00
2017-05-10 02:45:00+00:00	SELL	0.1842917	0.181888	24.037000000000084	2017-05-10 03:00:00+00:00
2017-05-10 03:35:00+00:00	SELL	0.19	0.184633	53.67000000000011	2017-05-10 04:35:00+00:00
2017-05-10 03:45:00+00:00	SELL	0.189776	0.184633	51.430000000000085	2017-05-10 04:35:00+00:00
2017-05-10 06:00:00+00:00	SELL	0.18425858	0.18220002	20.58560000000015	2017-05-10 06:10:00+00:00
2017-05-10 06:20:00+00:00	SELL	0.1829319	0.18403255	-11.006499999999807	2017-05-10 06:30:00+00:00
2017-05-10 07:20:00+00:00	SELL	0.18204075	0.178498	35.42750000000011	2017-05-10 07:40:00+00:00
2017-05-10 09:15:00+00:00	SELL	0.182	0.17661	53.90000000000006	2017-05-10 09:55:00+00:00
2017-05-10 10:00:00+00:00	SELL	0.17693549	0.17404066	28.948299999999872	2017-05-10 10:25:00+00:00
2017-05-10 10:05:00+00:00	SELL	0.178737	0.17404066	46.963399999999936	2017-05-10 10:25:00+00:00
2017-05-10 11:45:00+00:00	SELL	0.186	0.17899999	70.0001	2017-05-10 12:05:00+00:00
2017-05-10 11:50:00+00:00	SELL	0.18052187	0.17899999	15.218800000000032	2017-05-10 12:05:00+00:00
2017-05-10 11:55:00+00:00	SELL	0.1806	0.17899999	16.000100000000128	2017-05-10 12:05:00+00:00
2017-05-10 12:30:00+00:00	SELL	0.1841	0.1809	32.000000000000085	2017-05-10 13:00:00+00:00
2017-05-10 18:45:00+00:00	SELL	0.19267329	0.188	46.732899999999965	2017-05-10 19:25:00+00:00
2017-05-10 20:45:00+00:00	SELL	0.1810996	0.1784	26.995999999999963	2017-05-10 21:00:00+00:00
2017-05-10 20:50:00+00:00	SELL	0.18	0.1784	15.999999999999904	2017-05-10 21:00:00+00:00
2017-05-10 21:15:00+00:00	SELL	0.180532	0.180567	-0.3500000000000725	2017-05-10 21:30:00+00:00
2017-05-10 22:20:00+00:00	SELL	0.17830122	0.17415569	41.455300000000086	2017-05-10 22:55:00+00:00
2017-05-10 22:30:00+00:00	SELL	0.17705106	0.17415569	28.953700000000083	2017-05-10 22:55:00+00:00
2017-05-10 22:35:00+00:00	SELL	0.17733691	0.17415569	31.812199999999848	2017-05-10 22:55:00+00:00
2017-05-10 23:20:00+00:00	SELL	0.17819999	0.1705	76.9998999999999	2017-05-11 00:30:00+00:00
2017-05-10 23:45:00+00:00	SELL	0.173028	0.1705	25.279999999999745	2017-05-11 00:30:00+00:00
2017-05-11 00:15:00+00:00	SELL	0.17608	0.1705	55.79999999999974	2017-05-11 00:30:00+00:00
2017-05-11 01:20:00+00:00	SELL	0.181	0.17856702	24.329800000000013	2017-05-11 01:40:00+00:00
2017-05-11 01:25:00+00:00	SELL	0.18088	0.17856702	23.129800000000202	2017-05-11 01:40:00+00:00
2017-05-11 02:15:00+00:00	SELL	0.180082	0.177	30.820000000000014	2017-05-11 02:40:00+00:00
2017-05-11 02:20:00+00:00	SELL	0.18053199	0.177	35.319900000000125	2017-05-11 02:40:00+00:00
2017-05-11 03:05:00+00:00	SELL	0.178291	0.178965	-6.740000000000079	2017-05-11 05:25:00+00:00
2017-05-11 03:35:00+00:00	SELL	0.17998138	0.178965	10.163799999999835	2017-05-11 05:25:00+00:00
2017-05-11 04:30:00+00:00	SELL	0.1795	0.178965	5.349999999999799	2017-05-11 05:25:00+00:00
2017-05-11 05:30:00+00:00	SELL	0.181435	0.18062399	8.11010000000001	2017-05-11 06:55:00+00:00
2017-05-11 05:35:00+00:00	SELL	0.1818	0.18062399	11.760099999999774	2017-05-11 06:55:00+00:00
2017-05-11 05:50:00+00:00	SELL	0.18269989	0.18062399	20.758999999999915	2017-05-11 06:55:00+00:00
2017-05-11 06:20:00+00:00	SELL	0.183257	0.18062399	26.330099999999913	2017-05-11 06:55:00+00:00
2017-05-11 06:35:00+00:00	SELL	0.18234368	0.18062399	17.19689999999996	2017-05-11 06:55:00+00:00
2017-05-11 06:45:00+00:00	SELL	0.18182786	0.18062399	12.038699999999958	2017-05-11 06:55:00+00:00
2017-05-11 07:15:00+00:00	SELL	0.18099976	0.1801097	8.900599999999981	2017-05-11 07:25:00+00:00
2017-05-11 08:10:00+00:00	SELL	0.1828	0.182	7.999999999999952	2017-05-11 09:00:00+00:00
2017-05-11 08:15:00+00:00	SELL	0.1838	0.182	17.99999999999996	2017-05-11 09:00:00+00:00
2017-05-11 08:20:00+00:00	SELL	0.1839	0.182	19.000000000000128	2017-05-11 09:00:00+00:00
2017-05-11 08:30:00+00:00	SELL	0.18299997	0.182	9.999700000000168	2017-05-11 09:00:00+00:00
2017-05-11 08:35:00+00:00	SELL	0.18275087	0.182	7.508700000000146	2017-05-11 09:00:00+00:00
2017-05-11 08:45:00+00:00	SELL	0.182	0.182	0.0	2017-05-11 09:00:00+00:00
2017-05-11 08:50:00+00:00	SELL	0.18229997	0.182	2.999700000000105	2017-05-11 09:00:00+00:00
2017-05-11 10:35:00+00:00	SELL	0.183	0.1785	45.00000000000004	2017-05-11 11:30:00+00:00
2017-05-11 12:45:00+00:00	SELL	0.177846	0.1769866	8.5940000000001	2017-05-11 13:00:00+00:00
2017-05-11 13:15:00+00:00	SELL	0.18077998	0.180082	6.9798000000001466	2017-05-11 13:45:00+00:00
2017-05-11 14:30:00+00:00	SELL	0.179999	0.1780081	19.9089999999999	2017-05-11 14:45:00+00:00
2017-05-11 15:30:00+00:00	SELL	0.196683	0.191203	54.79999999999985	2017-05-11 15:50:00+00:00
2017-05-11 15:35:00+00:00	SELL	0.1983	0.191203	70.96999999999993	2017-05-11 15:50:00+00:00
2017-05-11 16:05:00+00:00	SELL	0.1945	0.18811912	63.808800000000055	2017-05-11 16:20:00+00:00
2017-05-11 17:45:00+00:00	SELL	0.1907213	0.18565499	50.663100000000185	2017-05-11 18:30:00+00:00
2017-05-11 17:50:00+00:00	SELL	0.190666	0.18565499	50.1101000000001	2017-05-11 18:30:00+00:00
2017-05-11 17:55:00+00:00	SELL	0.18998392	0.18565499	43.28930000000008	2017-05-11 18:30:00+00:00
2017-05-11 21:25:00+00:00	SELL	0.195	0.19188	31.200000000000117	2017-05-11 21:50:00+00:00
2017-05-11 21:35:00+00:00	SELL	0.1959666	0.19188	40.86599999999996	2017-05-11 21:50:00+00:00
2017-05-11 23:15:00+00:00	SELL	0.192161	0.1909754	11.856000000000089	2017-05-11 23:30:00+00:00
2017-05-12 00:05:00+00:00	SELL	0.19389197	0.192499	13.929699999999933	2017-05-12 00:20:00+00:00
2017-05-12 00:10:00+00:00	SELL	0.1933163	0.192499	8.17299999999993	2017-05-12 00:20:00+00:00
2017-05-12 00:45:00+00:00	SELL	0.19449999	0.191203	32.969899999999996	2017-05-12 01:10:00+00:00
2017-05-12 01:00:00+00:00	SELL	0.192826	0.191203	16.229999999999855	2017-05-12 01:10:00+00:00
2017-05-12 01:30:00+00:00	SELL	0.19360499	0.1941	-4.950099999999901	2017-05-12 01:45:00+00:00
2017-05-12 02:00:00+00:00	SELL	0.1953	0.194	12.999999999999956	2017-05-12 02:10:00+00:00
2017-05-12 05:00:00+00:00	SELL	0.1936345	0.19226195	13.725500000000002	2017-05-12 05:20:00+00:00
2017-05-12 05:05:00+00:00	SELL	0.19371	0.19226195	14.480500000000063	2017-05-12 05:20:00+00:00
2017-05-12 06:00:00+00:00	SELL	0.1982	0.19700001	11.99989999999984	2017-05-12 06:20:00+00:00
2017-05-12 06:30:00+00:00	SELL	0.1984	0.1986446	-2.4460000000001147	2017-05-12 06:45:00+00:00
2017-05-12 07:25:00+00:00	SELL	0.20773962	0.20299999	47.396300000000224	2017-05-12 08:05:00+00:00
2017-05-12 07:30:00+00:00	SELL	0.20973	0.20299999	67.30010000000009	2017-05-12 08:05:00+00:00
2017-05-12 07:35:00+00:00	SELL	0.20959999	0.20299999	66.00000000000023	2017-05-12 08:05:00+00:00
2017-05-12 08:50:00+00:00	SELL	0.2078	0.208108	-3.0799999999997496	2017-05-12 09:00:00+00:00
2017-05-12 09:30:00+00:00	SELL	0.2123	0.20569856	66.01439999999987	2017-05-12 09:50:00+00:00
2017-05-12 12:30:00+00:00	SELL	0.20690893	0.205	19.08930000000003	2017-05-12 12:45:00+00:00
2017-05-12 12:35:00+00:00	SELL	0.20600624	0.205	10.062400000000194	2017-05-12 12:45:00+00:00
2017-05-12 13:45:00+00:00	SELL	0.20704447	0.19965084	73.93630000000012	2017-05-12 15:05:00+00:00
2017-05-12 13:50:00+00:00	SELL	0.20704447	0.19965084	73.93630000000012	2017-05-12 15:05:00+00:00
2017-05-12 17:00:00+00:00	SELL	0.20349	0.20172526	17.647400000000147	2017-05-12 17:45:00+00:00
2017-05-12 17:05:00+00:00	SELL	0.20211189	0.20172526	3.866299999999989	2017-05-12 17:45:00+00:00
2017-05-12 17:15:00+00:00	SELL	0.202505	0.20172526	7.79740000000001	2017-05-12 17:45:00+00:00
2017-05-12 17:20:00+00:00	SELL	0.20250639	0.20172526	7.8113000000001875	2017-05-12 17:45:00+00:00
2017-05-12 17:35:00+00:00	SELL	0.20399999	0.20172526	22.747300000000024	2017-05-12 17:45:00+00:00
2017-05-12 20:00:00+00:00	SELL	0.215499	0.20652413	89.74869999999996	2017-05-12 20:50:00+00:00
2017-05-12 20:15:00+00:00	SELL	0.2137985	0.20652413	72.74370000000002	2017-05-12 20:50:00+00:00
2017-05-12 22:25:00+00:00	SELL	0.2122015	0.211	12.014999999999942	2017-05-13 00:20:00+00:00
2017-05-12 22:30:00+00:00	SELL	0.21328968	0.211	22.896800000000162	2017-05-13 00:20:00+00:00
2017-05-12 22:35:00+00:00	SELL	0.2129997	0.211	19.996999999999932	2017-05-13 00:20:00+00:00
2017-05-13 00:30:00+00:00	SELL	0.21399999	0.209449	45.509900000000044	2017-05-13 01:10:00+00:00
2017-05-13 00:35:00+00:00	SELL	0.21399895	0.209449	45.49949999999997	2017-05-13 01:10:00+00:00
2017-05-13 01:35:00+00:00	SELL	0.21444444	0.218	-35.55560000000013	2017-05-13 04:00:00+00:00
2017-05-13 02:50:00+00:00	SELL	0.21499998	0.218	-30.00019999999992	2017-05-13 04:00:00+00:00
2017-05-13 04:15:00+00:00	SELL	0.22	0.22049999	-4.999900000000057	2017-05-13 04:50:00+00:00
2017-05-13 10:15:00+00:00	SELL	0.2048	0.2108343	-60.342999999999925	2017-05-13 10:30:00+00:00
2017-05-13 10:20:00+00:00	SELL	0.2048	0.2108343	-60.342999999999925	2017-05-13 10:30:00+00:00
2017-05-13 17:05:00+00:00	SELL	0.216121	0.216627	-5.059999999999787	2017-05-13 17:45:00+00:00
2017-05-13 17:10:00+00:00	SELL	0.21554799	0.216627	-10.790099999999914	2017-05-13 17:45:00+00:00
2017-05-13 17:20:00+00:00	SELL	0.217711	0.216627	10.840000000000016	2017-05-13 17:45:00+00:00
2017-05-13 20:15:00+00:00	SELL	0.22297108	0.2200001	29.70979999999984	2017-05-13 21:15:00+00:00
2017-05-13 20:20:00+00:00	SELL	0.22297108	0.2200001	29.70979999999984	2017-05-13 21:15:00+00:00
2017-05-13 21:45:00+00:00	SELL	0.225	0.22256338	24.366200000000006	2017-05-13 21:55:00+00:00
2017-05-13 23:45:00+00:00	SELL	0.224894	0.222	28.940000000000076	2017-05-14 00:05:00+00:00
2017-05-13 23:50:00+00:00	SELL	0.22399998	0.222	19.999799999999844	2017-05-14 00:05:00+00:00
2017-05-14 00:15:00+00:00	SELL	0.22494521	0.22381547	11.297400000000179	2017-05-14 00:45:00+00:00
2017-05-14 00:50:00+00:00	SELL	0.22547099	0.223216	22.54990000000012	2017-05-14 01:35:00+00:00
2017-05-14 03:00:00+00:00	SELL	0.22178736	0.22157945	2.0790999999997783	2017-05-14 03:15:00+00:00
2017-05-14 03:35:00+00:00	SELL	0.22352302	0.22259588	9.271399999999929	2017-05-14 03:55:00+00:00
2017-05-14 04:45:00+00:00	SELL	0.22173694	0.22089112	8.458199999999971	2017-05-14 05:00:00+00:00
2017-05-14 04:50:00+00:00	SELL	0.22350086	0.22089112	26.097399999999993	2017-05-14 05:00:00+00:00
2017-05-14 05:30:00+00:00	SELL	0.22299987	0.22	29.99869999999988	2017-05-14 06:10:00+00:00
2017-05-14 06:30:00+00:00	SELL	0.22199999	0.222	-9.999999994736442e-05	2017-05-14 06:45:00+00:00
2017-05-14 08:50:00+00:00	SELL	0.2188229	0.2182356	5.87299999999985	2017-05-14 09:00:00+00:00
2017-05-14 09:15:00+00:00	SELL	0.219	0.21693	20.699999999999886	2017-05-14 11:05:00+00:00
2017-05-14 09:20:00+00:00	SELL	0.21919526	0.21693	22.65259999999991	2017-05-14 11:05:00+00:00
2017-05-14 13:45:00+00:00	SELL	0.218	0.212984	50.159999999999926	2017-05-14 14:20:00+00:00
2017-05-14 13:50:00+00:00	SELL	0.21799991	0.212984	50.159099999999846	2017-05-14 14:20:00+00:00
2017-05-14 14:30:00+00:00	SELL	0.2147	0.21410001	5.999899999999947	2017-05-14 14:45:00+00:00
2017-05-14 16:15:00+00:00	SELL	0.22299998	0.221	19.999799999999844	2017-05-14 16:25:00+00:00
2017-05-14 18:45:00+00:00	SELL	0.22237243	0.2235021	-11.296699999999992	2017-05-14 19:45:00+00:00
2017-05-14 18:50:00+00:00	SELL	0.2223502	0.2235021	-11.519000000000112	2017-05-14 19:45:00+00:00
